Deck,VHS,Timestamp,Note
U,0 Mystery Science Theatre Sat 98 July 18,2024-09-01 0:00,
U,0 120 Minutes Sun 98 Aug 23,2024-09-01 0:01,
U,37 Rosie O’Donnell Wed 98 Sept 30,2024-09-01 0:02,
U,41 Rosie O’Donnell Wed 98 Oct 21,2024-09-01 0:03,
U,49 Rosie O'Donnell Tues 98 Dec 07,2024-09-01 0:04,
U,51 Nat'l Geographic Explorer Sun 98 Oct 04,2024-09-01 0:05,
U,52 Rosie O'Donnell Thurs 98 Dec 17,2024-09-01 0:06,
U,168 News Magazine Shows Sun 98 Sept 20,2024-09-01 0:07,
U,171 News Magazine Shows Wed 98 Sept 30,2024-09-01 0:08,
U,172 News Mag Shows Sun 98 Oct 04,2024-09-01 0:09,
U,177 News Magazine Shows Sun 98 Oct 18,2024-09-01 0:10,
U,182 News Magazine Shows Sun 98 Nov 08,2024-09-01 0:11,
U,286 News & Nightline Tues 98 Nov 24,2024-09-01 0:12,
U,446 J. Leno Wed 98 Oct 07-15,2024-09-01 0:13,
U,475 News & Nightline Thurs 2001 Aug 30,2024-09-01 0:14,
U,497 News Magazine Shows Tues 2001 Oct 09,2024-09-01 0:15,
U,498 News Magazine Shows Thurs 2001 Oct 11,2024-09-01 0:16,
U,500 News Magazine Shows Fri 2001 Oct 19,2024-09-01 0:17,
U,707 Entertain Tape Thurs 95 Sept 28-30,2024-09-01 0:18,
U,"885 News, Ent. Tonight, D. Lett Sun 97 Aug 24-26",2024-09-01 0:19,
U,"888 News, Ent. Tonight, D. Lett Thurs 97 Aug 28-29",2024-09-01 0:20,
U,"892 News, Ent. Tonight, D. Lett Wed 97 Sept 03-06",2024-09-01 0:21,
U,"895 News, Ent. Tonight, D. Lett Mon 97 Sept 08-09",2024-09-01 0:22,
U,"902 News, Ent. Tonight, D. Lett Mon 97 Sept 22-23",2024-09-01 0:23,
U,"905 News, Ent. Tonight, D. Lett Sun 97 Sept 28-01",2024-09-01 0:24,
U,"906 News, Ent. Tonight, D. Lett Mon 97 Sept 29-01",2024-09-01 0:25,
U,953 Entertain Tape Wed 96 Aug 21-22,2024-09-01 0:26,
U,1003 Entertain Tape Mon 97 May 05,2024-09-01 0:27,
U,1008 Entertain Tape 50 Elem Sun 97 May 11-13,2024-09-01 0:28,
U,"1093 News, Ent. Tonite, D. Lett Fri 98 Sept 25-26",2024-09-01 0:29,
U,"1094 News, Ent. Tonight, D. Lett Sun 98 Sept 27-28",2024-09-01 0:30,
U,"1095 News, Ent. Tonight, D. Lett Tues 98 Sept 29-30",2024-09-01 0:31,
U,"1098 News, Ent. Tonite, D. Lett Sun 98 Oct 04-05",2024-09-01 0:32,
U,"1100 News, Ent. Tonight, D. Lett Thurs 98 Oct 08-09",2024-09-01 0:33,
U,"1102 News, Ent. Tonight, D. Lett Sun 98 Oct 11",2024-09-01 0:34,
U,"1107 News, Ent. Tonight, D. Lett Sun 98 Oct 18-19",2024-09-01 0:35,
U,"1110 News, Ent. Tonight, D. Lett Thurs 98 Oct 29",2024-09-01 0:36,
U,"1115 News, Ent. Tonight, D. Lett Mon 98 Nov 09-11",2024-09-01 0:37,
U,"1117 News, Ent. Tonight, D. Lett Sat 98 Nov 14-15",2024-09-01 0:38,
U,"1119 News, Ent. Tonight, D. Lett Tues 98 Nov 17-20",2024-09-01 0:39,
U,"1120 News, Ent. Tonight, D. Lett Thurs 98 Nov 19-20",2024-09-01 0:40,
U,"1124 News, Ent. Tonight, D. Lett Wed 98 Nov 25-27",2024-09-01 0:41,
U,"1129 News, Ent. Tonight, D. Lett Sun 98 Dec 06-07",2024-09-01 0:42,
U,"1130 News, Ent. Tonight, D. Lett Tues 98 Dec 08-09",2024-09-01 0:43,
U,1132 Entertain Tape Wed 97 Sept 24,2024-09-01 0:44,
U,"1132 News, Ent. Tonight, D. Lett Sat 98 Dec 12-13",2024-09-01 0:45,
U,"1135 News, Ent. Tonight, D. Lett Thurs 98 Dec 17-18",2024-09-01 0:46,
U,1627 Entertain Tape Mon 98 Sept 21,2024-09-01 0:47,
U,1628 Entertain Tape Fri 98 Sept 25,2024-09-01 0:48,
U,1629 Entertain Tape Fri 98 Sept 25-27,2024-09-01 0:49,
U,1630 Entertain Tape Fri 98 Sept 25-27,2024-09-01 0:50,
U,1631 Entertain Tape Fri 98 Sept 25-27,2024-09-01 0:51,
U,1632 Entertain Tape MTV Movie & Video Awards Sat 98 Sept 26,2024-09-01 0:52,
U,1633 Entertain Tape Sun 98 Sept 27,2024-09-01 0:53,
U,1637 Entertain Tape Tues 98 Sept 29,2024-09-01 0:54,
U,1640 Entertain Tape Fri 98 Oct 02-04,2024-09-01 0:56,
U,1645 Entertain Tape Mon 98 Oct 05,2024-09-01 0:57,
U,1646 Entertain Tape Tues 98 Oct 06,2024-09-01 0:58,
U,1662 Entertain Tape Wed 98 Oct 14-15,2024-09-01 0:59,
U,1663 Entertain Tape Sun 98 Oct 18,2024-09-01 1:00,
U,1664 Entertain Tape Fri 98 Oct 16-17,2024-09-01 1:01,
U,1688 Entertain Tape Fri 98 Oct 30-01,2024-09-01 1:02,
U,1689 Entertain Tape Sun 98 Oct 31,2024-09-01 1:03,
U,1693 Entertain Tape Fri 98 Oct 30-31,2024-09-01 1:04,
U,1696 Entertain Tape Fri 98 Nov 06-07,2024-09-01 1:05,
U,1698 Entertain Tape Sun 98 Nov 08,2024-09-01 1:06,
U,1700 Entertain Tape Mon 98 Nov 09,2024-09-01 1:07,
U,1701 Entertain Tape Mon 98 Nov 09,2024-09-01 1:08,
U,1702 Entertain Tape Tues 98 Nov 10-15,2024-09-01 1:09,
U,1703 Entertain Tape Wed 98 Nov 11-12,2024-09-01 1:10,
U,1706 Entertain Tape Fri 98 Nov 13-15,2024-09-01 1:11,
U,1707 Entertain Tape Sat 98 Nov 14-16,2024-09-01 1:12,
U,1714 Entertain Tape Fri 98 Nov 20-21,2024-09-01 1:13,
U,1723 Entertain Tape Sun 98 Nov 22,2024-09-01 1:14,
U,"1744 News, Ent. Tonight, D. Lett Thurs 2001 Aug 02",2024-09-01 1:15,
U,1746 Entertain Tape Wed 98 Dec 09-10,2024-09-01 1:16,
U,"1746 News, Ent. Tonight, D. Lett Sat 2001 Aug 04-05",2024-09-01 1:17,
U,1762 Entertain Tape Fri 98 Dec 18-20,2024-09-01 1:18,
U,1765 Entertain Tape Sun 98 Dec 20-21,2024-09-01 1:19,
U,1771 Entertain Tape Fri 98 Dec 25,2024-09-01 1:20,
U,"1772 News, Ent. Tonight, D. Lett Thurs 2001 Aug 30",2024-09-01 1:21,
U,1774 Entertain Tape Sat 98 Dec 26-27,2024-09-01 1:22,
U,3274 Entertain Tape Fri 2001 Aug 10,2024-09-01 1:23,
VHS A,"1010 Entertain Tape L King Thurs 97 May 15",2025-01-25 10:08,
VHS A,"1016 Entertain Tape Sat 97 May 24",2025-01-25 17:02,
VHS A,"765 Entertain Tape Sat 95 Dec 23",2025-01-25 23:16,
VHS B,"761 Entertain Tape Sun 95 Dec 17-19",2025-01-25 23:18,
VHS A,"620 News Ent Tonight Fri 95 Sep 22-24",2025-01-26 09:48,
VHS B,"1014 Entertain Tape Sat 97 May 24",2025-01-26 09:52,
VHS C,"645 News Ent Tonight Sun 95 Dec 17-19",2025-01-26 09:55,
VHS A,"639 News Ent Tonight Wed 95 Nov 22-26",2025-01-26 17:06,
VHS C,"640 News Ent Tonight Mon 95 Nov 27",2025-01-26 17:08,
VHS B,"641 News Ent Tonight Sat 95 Dec 2-3",2025-01-26 19:48,
VHS A,"643 News Ent Tonight Fri 95 Dec 07",2025-01-26 23:20,
VHS C,"642 News Ent Tonight Mon 95 Dec 04-7",2025-01-26 23:22,
VHS A,"877 News Ent Tonight D Lett Fri 97 Aug 08-10",2025-01-27 08:39,
VHS B,"875 News Ent Tonight D Lett Mon 97 Aug 04-06",2025-01-27 08:40,
VHS A,"880 News Ent Tonight D Lett Thurs 97 Aug 14-15",2025-01-27 15:39,
VHS B,"878 News Ent Tonight D Lett Sun 97 Aug 10",2025-01-27 15:41,
VHS C,"876 NEws Ent TOnight D Lett Wed 97 Aug 6-8",2025-01-27 15:43,
VHS A,"883 News Ent Tonight D Lett Wed 97 Aug 20",2025-01-27 23:33,
VHS C,"882 News Ent Tonight D Lett Mon 97 Aug 18-19",2025-01-27 23:34,
VHS B,"881 News Ent Tonight D Lett Sat 97 Aug 16-17",2025-01-27 23:36,
VHS A,"879 News Ent Tonight D Lett Tues 97 Aug 13-14",2025-01-28 07:03,
VHS C,"1137 Entertain Tape Sun 97 Sep 27",2025-01-28 07:05,
VHS B,"1136 Entertain Tape Sat 97 Sep 27",2025-01-28 07:09,
VHS A,"884 News Ent Tonight D Lett Thur 97 Aug 21-22",2025-01-28 13:25,
VHS C,"1139 Birds Ghoulies Sat 97 Sep 27-28",2025-01-28 13:26,
VHS B,"1138 Entertain Tape Sat 97 Sep 27",2025-01-28 13:28,
VHS A,"644 News Ent Tonight Mon 95 Dec 11-17",2025-01-28 19:46,
VHS B,"646 News Ent TOnight Wed 95 Dec 20-24",2025-01-28 22:17,
VHS C,"1015 Entertain Tape L King Wed 97 May 21",2025-01-28 22:19,
VHS A,"630 News Ent Tonight Sun 95 Oct 29-31",2025-01-29 07:09,
VHS C,"639 News Ent Tonight Sun 95 Nov 19-21",2025-01-29 07:10,
VHS B,"637 News Ent Tonight Fri 95 Nov 17",2025-01-29 07:12,
VHS C,"638 News Ent TOnight Sun 95 Nov 19-21",2025-01-29 13:21,
VHS A,"628 News Ent TOnight Mon 95 Oct 23-26",2025-01-29 13:23,
VHS B,"629 News Ent Tonight Fri 95 Oct 27-29",2025-01-29 13:28,
VHS A,"631 News Ent Tonight Wed 95 Nov 1-3",2025-01-29 23:28,
VHS C,"633 News Ent Tonight Sun 95 Nov 5-7",2025-01-29 23:30,
VHS B,"632 News Ent Tonight Sat 95 Nov 4-5",2025-01-29 23:33,
VHS A,"624 News Ent Tonight Wed 95 Oct 4-6",2025-01-30 09:47,
VHS C,"634 News Ent TOnight Wed 95 Nov 8-11",2025-01-30 09:50,
VHS B,"635 News Ent Tonight Sun 95 Nov 12",2025-01-30 10:26,
VHS A,"621 Nes Ent Tonight Mon 95 Sep 25-28",2025-01-30 16:45,
VHS B,"623 News Ent Tonight Sun 95 Oct 1-3",2025-01-30 16:46,
VHS B,"750 Entertain Tape Sat 95 Dec 02",2025-01-30 23:24,
VHS C,"622 News Ent Tonight Fri 95 Sep 29-01",2025-01-30 23:24,
VHS A,"751 Entertain Tape Sat 95 Dec 02",2025-01-30 23:25,
VHS A,"753 Entertain Tape Mon 95 Dec 04-6",2025-01-31 09:07,
VHS B,"764 Entertain Tape Thur 95 Dec 21-23",2025-01-31 09:12,
VHS C,"763 Entertain Tape Thur 95 Dec 21-23",2025-01-31 09:13,
U,"0009 Entertainment Sat 87 Oct 24 - Sun 87 Nov 17",2025-01-01 00:00,Before 1/25
U,"0710 Entertain Tape - Sun 95 Oct 1-2",2025-01-01 00:00,Before 1/25
U,"0712 Entertain Tape Wed 95 Oct 4-6",2025-01-01 00:00,Before 1/25
U,"0719 Entertain Tape - Sun 95 Oct 22",2025-01-01 00:00,Before 1/25
U,"0720 Entertain Tape Mon 95 Oct 23-27",2025-01-01 00:00,Before 1/25
U,"0723 Entertain Tape - Sat 95 Oct 28",2025-01-01 00:00,Before 1/25
U,"0736 Entertain Tape - Sun 95 Nov 12-17",2025-01-01 00:00,Before 1/25
U,"0737 Entertain Tape Tues 95 Nov 14-15",2025-01-01 00:00,Before 1/25
U,"0747 Entertain Tape - Fri 94 Nov 24-25",2025-01-01 00:00,Before 1/25
U,"0913 Entertain Tape Tues 95 July 16-18",2025-01-01 00:00,Before 1/25
U,"0914 Entertain Tape Thurs 96 July 18",2025-01-01 00:00,Before 1/25
U,"0957 Entertain Tape Sun 96 Aug 25",2025-01-01 00:00,Before 1/25
U,"0966 Entertain Tape Sun 96 Sept 01",2025-01-01 00:00,Before 1/25
U,"0978 Entertainment Tape Sun 96 Sept 15",2025-01-01 00:00,Before 1/25
U,"1023 Entertaine Tape - Sat 97 June 07",2025-01-01 00:00,Before 1/25
U,"1704 Entertain Tape - Fri 98 Nov 13",2025-01-01 00:00,Before 1/25
U,"1708 Entertain Tape Sat 98 Nov 14-15",2025-01-01 00:00,Before 1/25
U,"1709 Entertain Tape Sun 98 Nov 15-16",2025-01-01 00:00,Before 1/25
U,"1710 Entertain Tape Mon 98 Nov 16 -17",2025-01-01 00:00,Before 1/25
U,"1712 Entertain Tape Wed 98 Nov 18-20",2025-01-01 00:00,Before 1/25
U,"1713 Entertain Tape Thurs 98 Nov 19",2025-01-01 00:00,Before 1/25
U,"1715 Entertain Tape Thurs 98 Nov 19",2025-01-01 00:00,Before 1/25
U,"1716 Entertainment Tape FRI 1998 NOV 20_21",2025-01-01 00:00,Before 1/25
U,"1717 Entertain Tape Tues 98 Nov 03",2025-01-01 00:00,Before 1/25
U,"1718 Entertain Tape - Fri 98 Nov 20-21",2025-01-01 00:00,Before 1/25
U,"1719 Entertain Tape Sat 98 Nov 21",2025-01-01 00:00,Before 1/25
U,"1720 Entertain Tape Sat 98 Nov 21",2025-01-01 00:00,Before 1/25
U,"1721 Entertain Tape Sat 98 Nov 21-22",2025-01-01 00:00,Before 1/25
U,"1722 Entertain Tape Sat 98 Nov 21-22",2025-01-01 00:00,Before 1/25
U,"1725 Entertain Tape Sun 98 Nov 22-25",2025-01-01 00:00,Before 1/25
U,"1726 Entertain Tape Mon 98 Nov 23-24",2025-01-01 00:00,Before 1/25
U,"1727 Entertain Tape - Mon 98 Nov 23-25",2025-01-01 00:00,Before 1/25
U,"1728 Entertain Tape Tues 98 Nov 24",2025-01-01 00:00,Before 1/25
U,"1729 Entertainment - Wed 98 Nov 25",2025-01-01 00:00,Before 1/25
U,"1730 Entertain Tape Wed 98 Nov 25-05",2025-01-01 00:00,Before 1/25
U,"1732 Entertain Tape Fri 98 Nov 27",2025-01-01 00:00,Before 1/25
U,"1733 Entertain Tape Fri 98 Nov 27-28",2025-01-01 00:00,Before 1/25
U,"1734 Entertain Tape - Sat 98 Nov 28-30",2025-01-01 00:00,Before 1/25
U,"1736 Entertain Tape Sun 98 Nov 29-30",2025-01-01 00:00,Before 1/25
U,"1738 Entertain Tape Mon 98 Nov 30-02",2025-01-01 00:00,Before 1/25
U,"1739 Entertain Tape Wed 98 Dec 2-6",2025-01-01 00:00,Before 1/25
U,"1740 Entertain Tape Fri 98 Dec 04 )Cont of Ent 12-10)",2025-01-01 00:00,Before 1/25
U,"1741 Entertain Tape Sun 98 Dec 6",2025-01-01 00:00,Before 1/25
U,"1743 Entertina Tape SUn 98 Dec 06",2025-01-01 00:00,Before 1/25
U,"1743 Entertina Tape SUn 98 Dec 06 (2)",2025-01-01 00:00,Before 1/25
U,"1748 Entertain Tape Thurs 98 Dec 10-13",2025-01-01 00:00,Before 1/25
U,"1748 Entertain Tape Thurs 98 Dec 10-13 2",2025-01-01 00:00,Before 1/25
U,"1749 Entertain Tape - Thurs 98 Dec 10-13",2025-01-01 00:00,Before 1/25
U,"1750 Entertain Tape - Fri 98 Dec 11-13",2025-01-01 00:00,Before 1/25
U,"1750 Entertain Tape - Fri 98 Dec 11-13 2",2025-01-01 00:00,Before 1/25
U,"1751 Entertain Tape Fri 98 Dec 11-13",2025-01-01 00:00,Before 1/25
U,"1752 Entertain Tape Fri 98 Dec 11-13",2025-01-01 00:00,Before 1/25
U,"1755 Entertain Tape - Tues 98 Dec 15-16 (End Iraq Attack)",2025-01-01 00:00,Before 1/25
U,"1756 Entertain Tape - Tues 98 Dec 15-16 (Iraq)",2025-01-01 00:00,Before 1/25
U,"1758 Entertain Tape Thurs 98 Dec 17-18",2025-01-01 00:00,Before 1/25
U,"1760 Entertain Tape Thurs 98 Dec 17",2025-01-01 00:00,Before 1/25
U,"1767 Entertain Tape Tues 98 Dec 22",2025-01-01 00:00,Before 1/25
U,"1770 Entertain Tape Wed 98 Dec 23-24",2025-01-01 00:00,Before 1/25
U,"1776 Entertain Tape Sun 98 Dec 27-28",2025-01-01 00:00,Before 1/25
U,"1777 Entertain Tape Tues 98 Dec 28",2025-01-01 00:00,Before 1/25
U,"1778 Entertain Tape Mon 98 Dec 28-29",2025-01-01 00:00,Before 1/25
U,"1779 Entertain Tape Wed 98 Dec 30-31",2025-01-01 00:00,Before 1/25
U,"1780 Entertain Tape Wed 98 Dec 30-31",2025-01-01 00:00,Before 1/25
U,"1782 Entertain Tape - Fri 99 Jan 01",2025-01-01 00:00,Before 1/25
U,"1787 Entertain Tape Mon 98 Nov 30",2025-01-01 00:00,Before 1/25
U,"3245 Entertain Tape Thurs 2001 July 26",2025-01-01 00:00,Before 1/25
U,"3247 Entertain Tape Sun 2001 July 20",2025-01-01 00:00,Before 1/25
U,"3248 Entertain Tape Sat 2001 July 28",2025-01-01 00:00,Before 1/25
U,"3266 Entertain Tape Mon 2001 Aug 6-7",2025-01-01 00:00,Before 1/25
U,"3278 Entertain Tape Sun 2001 Aug 12-13",2025-01-01 00:00,Before 1/25
U,"3288 Entertain Tape Fri 2001 Aug 17-19",2025-01-01 00:00,Before 1/25
U,"3290 Entertain Tape Sat 2001 Aug 18-19",2025-01-01 00:00,Before 1/25
U,"3293 Entertain Tape Mon 2001 Aug 20",2025-01-01 00:00,Before 1/25
U,"3294 Entertainment Tape MON 2001 AUG 20",2025-01-01 00:00,Before 1/25
U,"3295 Entertain Tape Mon 2001 Aug 20-21",2025-01-01 00:00,Before 1/25
U,"3303 Entertain Tape Fri 2001 Aug 24",2025-01-01 00:00,Before 1/25
U,"3306 Entertain Tape Sat 2001 Aug 25-26",2025-01-01 00:00,Before 1/25
U,"3311 Entertain Tape Fri 2001 Sept 7",2025-01-01 00:00,Before 1/25
U,"3315 Entertain Tape Fri 2001 Aug 31",2025-01-01 00:00,Before 1/25
U,"3316 Entertain Tape Fri 2001 Aug 31",2025-01-01 00:00,Before 1/25
U,"3318 Entertain Tape Sat 2001 Sept 01",2025-01-01 00:00,Before 1/25
U,"3319 Entertain Tape Sat 2001 Sept 1-2",2025-01-01 00:00,Before 1/25
U,"3320 Entertain Tape Sat 2001 Sept 1-2",2025-01-01 00:00,Before 1/25
U,"3321 Entertain Tape Sun 2001 Sept 2",2025-01-01 00:00,Before 1/25
U,"3322 Entertain Tape Mon 9-3-01",2025-01-01 00:00,Before 1/25
U,"3323 Entertain Tape - Mon 9-3-01",2025-01-01 00:00,Before 1/25
U,"3324 Entertain Tape Tuesday 9-4-01",2025-01-01 00:00,Before 1/25
U,"3325 Entertain Tape Tues 9-4-01",2025-01-01 00:00,Before 1/25
U,"3327 Entertain Tape Wed 9-5-01",2025-01-01 00:00,Before 1/25
U,"3328 Today Show ENT WED 9-5-01",2025-01-01 00:00,Before 1/25
U,"3329 Entertain Tape Thu 9-6-01",2025-01-01 00:00,Before 1/25
U,"3330 Today Show ENT Thu 9-6-01",2025-01-01 00:00,Before 1/25
U,"3332 Today Show Ent Fri 9-7-01",2025-01-01 00:00,Before 1/25
U,"3333 Entertain Tape Sat 9-8-01",2025-01-01 00:00,Before 1/25
U,"3335 Entertain Tape - Sat 2001 Sept 08 - 09",2025-01-01 00:00,Before 1/25
U,"3336 Entertain Tape - Fri 9-7 9-9-01",2025-01-01 00:00,Before 1/25
U,"3337 Entertain Tape - Mon 2001 Sept 10",2025-01-01 00:00,Before 1/25
U,"3338 Entertain Tape - Mon 2001 Sept 10",2025-01-01 00:00,Before 1/25
U,"3339 Entertain Tape - Tues 2001 Sept 11",2025-01-01 00:00,Before 1/25
U,"3340 Entertain Tape - Tues 2001 Sept 11-12",2025-01-01 00:00,Before 1/25
U,"3341 Entertain Tape Wed 2001 Sept 12",2025-01-01 00:00,Before 1/25
U,"3342 Entertain Tape - Wed 2001 Sept 12-13",2025-01-01 00:00,Before 1/25
U,"3343 Entertain Tape - Thurs 2001 Sept 13",2025-01-01 00:00,Before 1/25
U,"3344 Entertain Tape Fri 2001 Sept 14",2025-01-01 00:00,Before 1/25
U,"3345 Entertain Tape Fri 2001 Sept 14-16",2025-01-01 00:00,Before 1/25
U,"3346 Entertain Tape Sat 2001 Sept 15-16",2025-01-01 00:00,Before 1/25
U,"3347 Entertain Tape Sat 2001 Sept 15-16",2025-01-01 00:00,Before 1/25
U,"3348 Entertain Tape - Tues 2001 Sept 11",2025-01-01 00:00,Before 1/25
U,"3349 Entertain Tape Sat 2001 Sept 15-16",2025-01-01 00:00,Before 1/25
U,"3350 Entertain Tape Mon 2001 Sept 17",2025-01-01 00:00,Before 1/25
U,"3351 Entertain Tape Tues 2001 Sept 18",2025-01-01 00:00,Before 1/25
U,"3352 Ente5rtain Tape Tues 2001 Sept 18",2025-01-01 00:00,Before 1/25
U,"3353 Entertain Tape Tues 2001 Sept 18-20",2025-01-01 00:00,Before 1/25
U,"3354 Entertain Tape Wed 2001 Sept 19",2025-01-01 00:00,Before 1/25
U,"3355 Entertain Tape Thurs 2001 Sept 20",2025-01-01 00:00,Before 1/25
U,"3356 Entertain Tape Fri 2001 Sept 21",2025-01-01 00:00,Before 1/25
U,"3357 Entertain Tape Fri 2001 Sept 21",2025-01-01 00:00,Before 1/25
U,"3358 Entertain Tape Fri 2001 Sept 21-23",2025-01-01 00:00,Before 1/25
U,"3359 Entertain Tape Fri 2001 Sept 21-23",2025-01-01 00:00,Before 1/25
U,"3360 Entertain Tape Sat 2001 Sept 22-23",2025-01-01 00:00,Before 1/25
U,"3361 Entertain Tape Sun 2001 Sept 23",2025-01-01 00:00,Before 1/25
U,"3362 Entertain Tape Sun 2001 Sept 23",2025-01-01 00:00,Before 1/25
U,"3363 Entertain Tape Mon 2001 Sept 24",2025-01-01 00:00,Before 1/25
U,"3364 Entertain Tape Mon 2001 Sept 24-25",2025-01-01 00:00,Before 1/25
U,"3365 Entertain Tape Tues 2001 Sept 25",2025-01-01 00:00,Before 1/25
U,"3366 Entertain Tape Wed 2001 Sept 26",2025-01-01 00:00,Before 1/25
U,"3367 Entertain Tape Wed 2001 Sept 26",2025-01-01 00:00,Before 1/25
U,"3368 Entertain Tape Thurs 2001 Sept 27-30",2025-01-01 00:00,Before 1/25
U,"3369 Entertain Tape Fri 2001 Sept 28",2025-01-01 00:00,Before 1/25
U,"3370 Entertain Tape Fri 2001 Sept 28",2025-01-01 00:00,Before 1/25
U,"3372 Entertain Tape Sat 2001 Sept 29-30",2025-01-01 00:00,Before 1/25
U,"3373 Entertain Tape Sat 2001 Sept 29-30",2025-01-01 00:00,Before 1/25
U,"3374 Entertain Tape Mon 2001 Sept 24",2025-01-01 00:00,Before 1/25
U,"3375 Entertain Tape Fri 2001 Sept 28",2025-01-01 00:00,Before 1/25
U,"3376 Entertain Tape Sun 2001 Sept 30",2025-01-01 00:00,Before 1/25
U,"3377 Entertain Tape + Terrorist Attack Sun 2001 Sept 30",2025-01-01 00:00,Before 1/25
U,"3378 Entertain Tape Mon 2001 Oct 01",2025-01-01 00:00,Before 1/25
U,"3379 Entertain Tape Mon 2001 Oct 01",2025-01-01 00:00,Before 1/25
U,"3380 Entertain Tape Tues 2001 Oct 02",2025-01-01 00:00,Before 1/25
U,"3381 Entertainment WED 2001 Oct 03",2025-01-01 00:00,Before 1/25
U,"3387 Entertain Tape Fri 2001 Oct 5-7",2025-01-01 00:00,Before 1/25
U,"3388 Entertain Tape News War Sat 2001 Oct 06-07",2025-01-01 00:00,Before 1/25
U,"3389 Entertain Tape Sat 2001 oct 6-7",2025-01-01 00:00,Before 1/25
U,"3392 Enteratin Tape Sun 2001 Aug 19",2025-01-01 00:00,Before 1/25
U,"3394 Entertain Tape Tues 2001 Oct 09",2025-01-01 00:00,Before 1/25
U,"3397 Entertain Tape Wed 2001 Oct 10",2025-01-01 00:00,Before 1/25
U,"3398 Entertain Tape Thurs 2001 Oct 11-13",2025-01-01 00:00,Before 1/25
U,"3400 Entertain Tape FRI 2001 OCT 12-14",2025-01-01 00:00,Before 1/25
U,"U Entertain Tape Fri 98 Dec 11-12",2025-01-01 00:00,Before 1/25
U,"U Entertain Tape Fri 98 Nov 6-12",2025-01-01 00:00,Before 1/25
U,"0053 J Carson Mon 88 Nov 28 - Dec 7",2025-01-01 00:00,Before 1/25
U,"0060 J Carson Thu 89 Feb 16 - Wed 89 Feb 22",2025-01-01 00:00,Before 1/25
U,"447 J Leno Fri 98 Oct 16-20",2025-01-01 00:00,Before 1/25
U,"448 JLeno Wed 98 Oct 21-26",2025-01-01 00:00,Before 1/25
U,"449 J Leno Tues 98 Oct 27-03",2025-01-01 00:00,Before 1/25
U,"450 J Leno Wed 98 Nov 4-9",2025-01-01 00:00,Before 1/25
U,"451 J Leno Tues 98 Nov 10-17",2025-01-01 00:00,Before 1/25
U,"452 J Leno Tues 98 Nov 17-20",2025-01-01 00:00,Before 1/25
U,"453 J Leno Mon 98 Nov 23-26",2025-01-01 00:00,Before 1/25
U,"454 J Leno Fri 98 Nov 27-11",2025-01-01 00:00,Before 1/25
U,"455 J Leno Mon 98 Nov 30",2025-01-01 00:00,Before 1/25
U,"455 J Leno Mon 98 Nov 30 (2)",2025-01-01 00:00,Before 1/25
U,"456 J Leno Wed 98 Dec 09-15",2025-01-01 00:00,Before 1/25
U,"649 J Leno Mon 2001 Sept 3",2025-01-01 00:00,Before 1/25
U,"650 J. Leno - Fri 2001 Sept 07 17-20",2025-01-01 00:00,Before 1/25
U,"651  J. Leno - Mon 2001 Sept 10-13",2025-01-01 00:00,Before 1/25
U,"652 J Leno Fri 2001 Sept 21, 28",2025-01-01 00:00,Before 1/25
U,"653 J Leno Mon 2001 Sept 24-27",2025-01-01 00:00,Before 1/25
U,"654 J Leno Mon 2001 Oct 1-4",2025-01-01 00:00,Before 1/25
U,"657 J Leno Mon 2001 Oct 15-18",2025-01-01 00:00,Before 1/25
U,"053 Natl Geographic Explorer - Sun 98 Nov 22",2025-01-01 00:00,Before 1/25
U,"112 Natl Geographic Explorer Sun 2001 Sept 09 16",2025-01-01 00:00,Before 1/25
U,"113 Natl Geo Explorer Sun 2001 Sept 23, 30",2025-01-01 00:00,Before 1/25
U,"114 National Geographic SUN 2001 June 7_June14",2025-01-01 00:00,Before 1/25
U,"000U News + Entertainment tonight - Mon 89 May 08-15",2025-01-01 00:00,Before 1/25
U,"0033 News Entertainment Tonight Tues 89 June 13 - Fri June 16",2025-01-01 00:00,Before 1/25
U,"0053 News Entertainment Tonight Tues 89 Oct 17 - Sun Oct 22, Oct 27",2025-01-01 00:00,Before 1/25
U,"0729 News Ent Tonight Sun 96 Sept 08",2025-01-01 00:00,Before 1/25
U,"0734 News Ent. Tonight Thurs 96 Sept 19-22",2025-01-01 00:00,Before 1/25
U,"0742 News Ent Tonight Sun 96 Oct 6-9",2025-01-01 00:00,Before 1/25
U,"1121 News Ent TOnight D Lett - Fri 98 Nov 20-22",2025-01-01 00:00,Before 1/25
U,"1137 News Ent Tonight D Lett Sun 98 Dec 20",2025-01-01 00:00,Before 1/25
U,"1139 News Ent TOnight D Lett - Wed 98 Dec 23-24",2025-01-01 00:00,Before 1/25
U,"1142 News Ent Tonight D Lett Sun 98 Dec 27-28",2025-01-01 00:00,Before 1/25
U,"1144 News Ent tonight Thurs 98 Dec 31-01",2025-01-01 00:00,Before 1/25
U,"1748 News Ent Tonight D Lett Sun 2001 Aug 5-6",2025-01-01 00:00,Before 1/25
U,"1749 News Ent Tonight D Lett Tues 2001 Aug 7",2025-01-01 00:00,Before 1/25
U,"1759 News Ent Tonight D Lett Fri 2001 Aug 17",2025-01-01 00:00,Before 1/25
U,"1760 News Ent Tonight D Lett Sat 2001 Aug 18",2025-01-01 00:00,Before 1/25
U,"1761 News Ent TOnight D Lett Sun 2001 Aug 19",2025-01-01 00:00,Before 1/25
U,"1774 News Ent Tonight Sat 9-1-01",2025-01-01 00:00,Before 1/25
U,"1775 News Ent Tonight Sun 9-2-01",2025-01-01 00:00,Before 1/25
U,"1776 News Ent Tonight D Lett. Sun 2001 Sept 02",2025-01-01 00:00,Before 1/25
U,"1777 News Ent D Lett Mon 9-3-01",2025-01-01 00:00,Before 1/25
U,"1778 News Ent D Lett Tues 9-4-01",2025-01-01 00:00,Before 1/25
U,"1779 News Ent D Lett Wed 9-5-01",2025-01-01 00:00,Before 1/25
U,"1780 News Ent D Let Thu 9-6-01",2025-01-01 00:00,Before 1/25
U,"1781 News Ent Tonight D Lett Fri 2001 Sept 07",2025-01-01 00:00,Before 1/25
U,"1782 News Ent D Let Fri 9-7-01",2025-01-01 00:00,Before 1/25
U,"1783 News Ent Tonight D Lett Sat 2001 Sept 08",2025-01-01 00:00,Before 1/25
U,"1784 News Ent. Tonight D. Lett - Sun 2001 Sept 09",2025-01-01 00:00,Before 1/25
U,"1785 News Ent Tonight D Lett - Mon 2001 Sept 10",2025-01-01 00:00,Before 1/25
U,"1786 News - Terrorist Attack  Tues 2001 Sept 11",2025-01-01 00:00,Before 1/25
U,"1787 News - Terrorist Attack - Tues 2001 Sept 11",2025-01-01 00:00,Before 1/25
U,"1788 News Ent Tonight D Lett - Tues 2001 Sept 11",2025-01-01 00:00,Before 1/25
U,"1789 News Ent Tonight D. Lett - Wed 2001 Sept 12",2025-01-01 00:00,Before 1/25
U,"1790 News Terrorist Attack Wed 2001 Sept 12",2025-01-01 00:00,Before 1/25
U,"1791 News Terrorist Attack Thurs 2001 Sept 13",2025-01-01 00:00,Before 1/25
U,"1792 News Ent Tonight D Lett Thu 2001 Sept 13",2025-01-01 00:00,Before 1/25
U,"1793 News Terrorist Attack - Fri 2001 Sept 14",2025-01-01 00:00,Before 1/25
U,"1794 News Ent Tonight D Lett Fri 2001 Sept 14",2025-01-01 00:00,Before 1/25
U,"1795 News Terrorist Attack Sat 2001 Sept 15",2025-01-01 00:00,Before 1/25
U,"1796 News Terrorist Attack Sat 2001 Sept 15-16",2025-01-01 00:00,Before 1/25
U,"1797 News Terrorist Attafck Sun 2001 Sept 16",2025-01-01 00:00,Before 1/25
U,"1798 News Ent Tonight D Lett Sun 2001 Sept 16",2025-01-01 00:00,Before 1/25
U,"1799 News Terrorist Attacks Mon 2001 Sept 17",2025-01-01 00:00,Before 1/25
U,"1800 News Ent Tonight D Lett Mon 2001 Sept 17",2025-01-01 00:00,Before 1/25
U,"1801 News Terrorist Attack Tues 2001 Sept 18",2025-01-01 00:00,Before 1/25
U,"1802 News Ent Tonight D Lett. Tues 2001 Sept 18",2025-01-01 00:00,Before 1/25
U,"1803 News - CSPAN Wed 2001 Sept 19",2025-01-01 00:00,Before 1/25
U,"1804 News Ent Tonight D Lett Wed 2001 Sept 19",2025-01-01 00:00,Before 1/25
U,"1805 News Ent Tonight D Lett Thurs 2001 Sept 20",2025-01-01 00:00,Before 1/25
U,"1807 News Ent Tonight D Lett Thurs 2001 Sept 20-21",2025-01-01 00:00,Before 1/25
U,"1808 News Terrorist Attack Fri 2001 Sept 21",2025-01-01 00:00,Before 1/25
U,"1809 News Ent Tonight D Lett Sat 2001 Sept 22",2025-01-01 00:00,Before 1/25
U,"1810 News Terrorist Attack Sat 2001 Sept 22",2025-01-01 00:00,Before 1/25
U,"1811 News Ent Tonight D Lett. Sun 2001 Sept 23",2025-01-01 00:00,Before 1/25
U,"1812 News Ent Tonight D Lett Sun 2001 Sept 23",2025-01-01 00:00,Before 1/25
U,"1813 News Ent. Tonight D Lett. Mon 2001 Sept 24",2025-01-01 00:00,Before 1/25
U,"1814 News Ent TOnight D Lett Tues 2001 Sept 25",2025-01-01 00:00,Before 1/25
U,"1815 News Terrorist Attack Wed 2001 Sept 26",2025-01-01 00:00,Before 1/25
U,"1816 News Ent Tonight D Lett Wed 2001 Sept 26",2025-01-01 00:00,Before 1/25
U,"1817 News Terrorist Attack Thurs 2001 Sept 27",2025-01-01 00:00,Before 1/25
U,"1818 News Terrorist Attack Thurs 2001 Sept 27",2025-01-01 00:00,Before 1/25
U,"1819 News Ent Tonight D Lett. Thurs 2001 Sept 27",2025-01-01 00:00,Before 1/25
U,"1820 News Ent Tonight D Lett. Fri 2001 Sept 28",2025-01-01 00:00,Before 1/25
U,"1821 News Ent. Tonight D. Lett. Sat 2001 Sept 29",2025-01-01 00:00,Before 1/25
U,"1822 News Ent Tonight D Lett Sat 2001 Sept 29-30",2025-01-01 00:00,Before 1/25
U,"1824 News Terrorist Attack Mon 2001 Oct 1",2025-01-01 00:00,Before 1/25
U,"1825 News Ent Tonight D Lett Mon 2001 Oct 1",2025-01-01 00:00,Before 1/25
U,"1826 News Ent Tonight D Lett Tues 2001 Oct 2",2025-01-01 00:00,Before 1/25
U,"1832 News Terrorist Attack Fri 2001 Oct 05",2025-01-01 00:00,Before 1/25
U,"1834 News CSPan Fri 2001 Oct 05",2025-01-01 00:00,Before 1/25
U,"1835 News Ent Tonight D Lett Sat 2001 Oct 6-7",2025-01-01 00:00,Before 1/25
U,"1836 News Ent Tonight D Lett. Sat 2001 Oct 6-7",2025-01-01 00:00,Before 1/25
U,"1837 News War Sun 2001 Oct 07",2025-01-01 00:00,Before 1/25
U,"1838 News Terrorist Attack and War Sun 2001 Oct 07",2025-01-01 00:00,Before 1/25
U,"1839 News Ent Tonight D Lett Mon 2001 Oct 8",2025-01-01 00:00,Before 1/25
U,"1840 News - 2nd day of war Mon 2001 Oct 08",2025-01-01 00:00,Before 1/25
U,"1845 News Ent Tonight D Lett. Thurs 2001 Oct 11",2025-01-01 00:00,Before 1/25
U,"1846 News War on Terrorism Thurs 2001 Oct 11",2025-01-01 00:00,Before 1/25
U,"1848 News War On Terrorism Fri 2001 Oct 12",2025-01-01 00:00,Before 1/25
U,"1850 News Ent D Lett Sun 2001 Oct 13",2025-01-01 00:00,Before 1/25
U,"3334 News Entertainment Sat 9-8-01",2025-01-01 00:00,Before 1/25
U,"047 News Magainze Shows Wed 96 July 17 - TWA 800 Crash",2025-01-01 00:00,Before 1/25
U,"181 News Magazine Shows - Fri 98 Nov 06",2025-01-01 00:00,Before 1/25
U,"183 News Magazine Sun 98 Nov 15",2025-01-01 00:00,Before 1/25
U,"184 NEWS MAGAZINE SHOWS TUES 1998 NOV 17",2025-01-01 00:00,Before 1/25
U,"186 News Mag Shows - Thurs 98 Nov 26",2025-01-01 00:00,Before 1/25
U,"187 News Mag SHows Wed 98 Dec 02",2025-01-01 00:00,Before 1/25
U,"188 News Mag Shows Sun 98 Dec 06",2025-01-01 00:00,Before 1/25
U,"189 News Mag Shows - Fr 98 Dec 11",2025-01-01 00:00,Before 1/25
U,"483 News Magazine Shows Mon 2001 Sept 3",2025-01-01 00:00,Before 1/25
U,"484 News Magazine Shows Sun 2001 Sept 9",2025-01-01 00:00,Before 1/25
U,"485 News Magazine Shows Wed 2001 Sept 12",2025-01-01 00:00,Before 1/25
U,"486 News Magazine Shows Fri 2001 Sept 14",2025-01-01 00:00,Before 1/25
U,"487 News Mag Shows Sun 2001 Sept 16",2025-01-01 00:00,Before 1/25
U,"488 News Magazine Shows Tues 2001 Sept 18",2025-01-01 00:00,Before 1/25
U,"489 News Magazine Shows Thurs 2001 Sept 20",2025-01-01 00:00,Before 1/25
U,"491 News Magazine Shows Wed 2001 Sept 26",2025-01-01 00:00,Before 1/25
U,"492 News Magazine Shows Fri 2001 Sept 28",2025-01-01 00:00,Before 1/25
U,"493 News Magazine Shows Mon 2001 Oct 01",2025-01-01 00:00,Before 1/25
U,"494 News Magazine Shows Wed 2001 Oct 03",2025-01-01 00:00,Before 1/25
U,"495 News Magazine Shows War Sun 2001 Oct 07",2025-01-01 00:00,Before 1/25
U,"496 News Magainze Shows Sun 2001 Oct 7",2025-01-01 00:00,Before 1/25
U,"283 News Nightline - Mon 98 Nov 09",2025-01-01 00:00,Before 1/25
U,"284 News & Night line Fri 98 Nov 13",2025-01-01 00:00,Before 1/25
U,"476 News and Nightline Wed 2001 Sept 05",2025-01-01 00:00,Before 1/25
U,"477 News and Nightline - Tues 2001 Sept 11",2025-01-01 00:00,Before 1/25
U,"478 News Nightline Mon 2001 Sept 17",2025-01-01 00:00,Before 1/25
U,"479 News Night Line Thurs 2001 Sept 20",2025-01-01 00:00,Before 1/25
U,"480 News Nightline Tues 2001 Sept 25",2025-01-01 00:00,Before 1/25
U,"481 News Nightline Mon 2001 Oct 1",2025-01-01 00:00,Before 1/25
U,"482 News Nightline Fri 2001 Oct 05",2025-01-01 00:00,Before 1/25
U,"U 120 Minutes - Sun 98 Nov 08",2025-01-01 00:00,Before 1/25
U,"U 120 Minutes Sun 98 Nov 29",2025-01-01 00:00,Before 1/25
U,"U Saturday Night Live 11-7-98 11-21-98",2025-01-01 00:00,Before 1/25
U,"U Saturday Night Live 9-26-98 10-3-98",2025-01-01 00:00,Before 1/25
U,"043 Rosie ODonnell Tues 98 Nov 03",2025-01-01 00:00,Before 1/25
U,"045 Rosie O DOnnell - Fri 98 Nov 13",2025-01-01 00:00,Before 1/25
U,"046 Rosie Thurs 98 Nov 1",2025-01-01 00:00,Before 1/25
U,"047 Rosie O' Donnell Tue 98 Nov 24",2025-01-01 00:00,Before 1/25
U,"048 Rosie ODonnell - Tues 98 Dec 1",2025-01-01 00:00,Before 1/25
U,"249 Rosie O Donnell Tues 9-4-01",2025-01-01 00:00,Before 1/25
U,"250 Rosie ODonnell - Mon 2001 Sept 10",2025-01-01 00:00,Before 1/25
U,"251 Rosie O Donnell Thurs 2001 Sept 13",2025-01-01 00:00,Before 1/25
U,"252 Rosie O Donnell mon 2001 Sept 17",2025-01-01 00:00,Before 1/25
U,"253 Rosie O Donnell Wed 2001 Sept 19",2025-01-01 00:00,Before 1/25
U,"254 Rosie O Donnell Tues 2001 Sept 25",2025-01-01 00:00,Before 1/25
U,"255 Rosie O Donnell Fri 2001 Sept 28",2025-01-01 00:00,Before 1/25
U,"256 Rosie ODonnell Thurs 2001 Oct 04",2025-01-01 00:00,Before 1/25
U,"257 Rosie O Donnell Wed 2001 Oct 10",2025-01-01 00:00,Before 1/25
U,"889 News Ent Tonight D Lett Sat 97 Aug 30-31",2025-01-01 00:01,Before 1/25
U,"903 News Ent Tonight D Lett WED 1997 SEPT 24_25",2025-01-01 00:01,Before 1/25
U,"891 News Ent Tonight D Lett Tues 97 Sep 02-03",2025-01-01 00:01,Before 1/25
U,"896 News Ent Tonight D Lett Wed 97 Sep 10-11",2025-01-01 00:01,Before 1/25
U,"1013 Entertain Tape Sun 97 May 17-24",2025-01-01 00:01,Before 1/25
U,"897 News Ent Tonight D Lett Fri 97 Sep 12-14",2025-01-01 00:01,Before 1/25
U,"24 News Entertain WED 1989 APR 04-12",2025-01-01 00:01,Before 1/25
U,"0 Dawsons Creek Tue 98 Aug 25",2025-01-01 00:01,Before 1/25
U,"1695 Entertain Tape Fri 98 Nov 06-07",2024-11-11 16:36,Before 1/25
U,"1699 Entertain Tape Sun 98 Nov 09",2024-11-11 19:57,Before 1/25
U,"279 News Nightline Fri 98 Oct 16",2024-11-19 23:18,Before 1/25
U,"1683 Entertain Tape South Park Mon 98 Oct 26-27",2024-11-20 14:16,Before 1/25
U,"1687 Entertain Tape Thurs 98 Oct 29-31",2024-11-20 23:01,Before 1/25
U,"1690 Entertain Tape Sun 98 Nov 01-02",2024-11-21 22:28,Before 1/25
U,"1681 Entertain Tape Sune 98 Oct 25",2024-11-23 10:02,Before 1/25
U,"1773 News Ent TOnight D Lett Fri 2001 Aug 31",2024-11-24 17:03,Before 1/25
U,"757 Entertain Tape Tue 95 Dec 12-16",2024-11-26 17:05,Before 1/25
U,"758 Entertain Tape Sat 95 Dec 16",2024-11-26 23:23,Before 1/25
U,"756 Entertain Tape Sun 95 Dec 10-11",2024-12-03 14:41,Before 1/25
U,"766 Ent Tape Sat 95 Dec 23",2024-12-05 19:28,Before 1/25
U,"762 Entertain Tape WED 1995 DEC 20_21",2024-12-07 23:09,Before 1/25
U,"754 Entertain Tape THUR 1995 DEC 07_08",2024-12-08 10:21,Before 1/25
U,"49 Natl Geographic Explorer SUN 1998 SEPT 6",2024-12-08 18:45,Before 1/25
U,"282 News NIghtline Mon 98 Nov 02",2025-01-21 11:09,Before 1/25
U,"1661 Entertain Tape Wed Oct 98 Oct 14",2024-11-18 21:28,Before 1/25
U,"1659 Entertain Tape Tues 98 Oct 13-14",2024-11-19 13:40,Before 1/25
U,"1113 News Ent TOnight D Lett Thu 98 Nov 05-06",2024-11-21 13:39,Before 1/25
U,"1675 Entertain Tape L King Thur 98 Oct 22",2024-11-22 10:02,Before 1/25
U,"1643 Entertain Tape Sun 98 Oct 03-04",2024-11-22 17:21,Before 1/25
U,"1655 Entertain Tape Wed 98 Oct 14-16",2024-11-22 23:40,Before 1/25
U,"1683 Entertain Tape L King Wed 98 Sep 30",2024-11-23 16:24,Before 1/25
U,"1624 Entertain Tape Tues 98 Sep 22-24",2024-11-23 23:14,Before 1/25
U,"1656 Entertain Tape Mon 98 Oct 12",2024-11-24 10:04,Before 1/25
U,"1652 Entertain Tape Sun 98 Oct 10",2024-11-24 23:17,Before 1/25
U,"1672 News Ent Tonight D Lett Tue 98 Oct 20-21",2024-11-25 10:18,Before 1/25
U,"1648 Entertain Tape L king Fri 98 Oct 09",2024-11-25 16:35,Before 1/25
U,"1649 Entertain Tape Fri 98 Oct 09-10",2024-11-25 23:09,Before 1/25
U,"1667 Entertaine Tape Sat 98 Oct 17-18",2024-11-26 09:19,Before 1/25
U,"1679 ENtertain Tape Fri 98 Oct 23-25",2024-11-27 08:37,Before 1/25
U,"1636 Entertain Tape Mon 98 Sep 28-30",2024-11-28 11:18,Before 1/25
U,"167 News Mag Shows 78th Miss America Fri 98 Sep 18",2024-11-29 19:18,Before 1/25
U,"1678 Entertain Tape Fri 98 Oct 23-25",2024-12-01 13:42,Before 1/25
U,"893 News Ent Tonight D Lett Fri 97 Sep 06-05",2024-12-01 23:10,Before 1/25
U,"1011 Entertain Tape 97 May 16-18",2024-12-02 10:02,Before 1/25
U,"1133 Entertain Tape Wed 97 Sep 24",2024-12-02 16:49,Before 1/25
U,"900 News Ent Tonight D Lett Thur 97 Sep 18-19",2024-12-02 23:14,Before 1/25
U,"1134 Entertain Tape MON 1997 SEPT 22_25",2024-12-07 15:32,Before 1/25
U,"1002 Entertain Tape Sat 97 May 3-4",2024-12-21 16:13,Before 1/25
U,"886 News Ent Tonight D Lett FRI 1997 AUG 22_24",2024-12-23 14:25,Before 1/25
U,"0 50th Annual Prime Time Emmy Awards Sun 98 Sep 13",2025-01-15 15:34,Before 1/25
U,"3245 Entertain Tape Thurs 2001 July 26",2024-10-23 23:25,Before 1/25
U,"3267 Entertain Tape Tues 2001 Aug 7",2024-10-23 23:26,Before 1/25
U,"3268 Entertain Tape Tues 2001 Aug 7-8",2024-10-23 23:27,Before 1/25
U,"3279 Entertain Tape Mon 2001 Aug 13",2024-10-23 23:29,Before 1/25
U,"3281 Entertain Tape Tues 2001 Aug 14",2024-10-23 23:30,Before 1/25
U,"3283 Entertain Tape Wed 2001 Aug 15",2024-10-23 23:30,Before 1/25
U,"3287 Entertain Tape Fri 2001 Aug 17-18",2024-10-23 23:32,Before 1/25
U,"3289 Entertain Tape Sat 2001 Aug 18-19",2024-10-23 23:34,Before 1/25
U,"3291 Entertain Tape Sun 2001 Aug 19",2024-10-23 23:35,Before 1/25
U,"3251 Entertain Tape Sun 2001 July 29",2024-11-11 20:54,Before 1/25
U,"3282 Entertain Tape Tues 2001 Aug 14-15",2024-11-11 20:56,Before 1/25
U,"1742 News Ent Tonight D Lett Tues 2001 July 31",2024-11-11 21:04,Before 1/25
U,"3276 Entertain Tape Sat 2001 Aug 11-12",2024-11-11 21:06,Before 1/25
U,"1741 News Ent Tonight D Lett Mon 2001 July 30",2024-11-11 21:12,Before 1/25
U,"500 News Magazine Shows Fri 2001 Oct 19",2024-11-11 21:13,Before 1/25
U,"1727 Entertain Tape Mon 98 Nov 23-25",2024-11-11 21:14,Before 1/25
U,"1752 News Ent Tonight D Lett Fri 2001 Aug 08",2024-11-11 21:15,Before 1/25
U,"3270 Entertain Tape Wed 2001 Aug 08",2024-11-11 21:16,Before 1/25
U,"3253 Entertain Tape Tues 2001 July 31",2024-11-11 21:17,Before 1/25
U,"1711 Entertain Tape Wed 98 Nov 18-19",2024-11-11 21:22,Before 1/25
U,"Mystery Science Thetre 3000 Sat 98 Aug 15",2024-11-11 21:25,Before 1/25
U,"1773 Entertain Tape Sat 98 Dec 26-27",2024-11-11 21:30,Before 1/25
U,"1775 Entertain Tape Sat 98 Dec 26-30",2024-11-11 21:37,Before 1/25
U,"1705 Entertain Tape Fri 98 Nov 13",2024-11-11 21:40,Before 1/25
U,"1731 Entertain Tape Weds 98 Nov 25-26",2024-11-11 22:02,Before 1/25
U,"1745 Entertain Tape Tues 98 Dec 08-13",2024-11-11 22:03,Before 1/25
U,"Saturday Night Live Sat 98 Oct 17-Nov 07",2024-11-11 22:05,Before 1/25
U,"1759 Entertain Tape Fri 98 Dec 18-19",2024-11-11 23:09,Before 1/25
U,"1772 Entertain Tape Fri 98 Dec 25-26",2024-11-11 23:11,Before 1/25
U,"1781 Entertaine Tape Thurs 98 Dec 31-01",2024-11-11 23:14,Before 1/25
U,"176 News Magazine Shows Thurs 98 Oct 15",2024-11-15 15:16,Before 1/25
U,"1668 Entertain Tape Sun 98 Oct 18",2024-11-18 21:28,Before 1/25
U,"1647 Entertaine Tape Wed 98 Oct 07-08",2024-11-19 06:57,Before 1/25
U,"1669 Entertain Tape L King Mon 98 Oct 19",2024-11-19 13:40,Before 1/25
U,"0 Capetown S Africa Tunnel Touched By A Dolphin",2024-11-19 23:18,Before 1/25
U,"1109 News Ent Tonight D Lett Mon 98 Oct 26-27",2024-11-20 14:15,Before 1/25
U,"1685 Entertain Tape L King Tues 98 Oct 27",2024-11-20 23:02,Before 1/25
U,"1112 News Ent TOnight D Lett Tues 98 Nov 3-4",2024-11-21 13:38,Before 1/25
U,"1691 Entertain Tape Tue 98 Nov 03-04",2024-11-22 10:01,Before 1/25
U,"0 Mystery Science Theatre 3000 Sat 98 May 09",2024-11-22 17:21,Before 1/25
U,"169 News Magazine Shows Tues 98 Sep 22",2024-11-22 23:40,Before 1/25
U,"1684 Entertain Tape Tues 98 Oct 27",2024-11-23 10:01,Before 1/25
U,"1639 Entertain Tape Thur 98 Oct 01-05",2024-11-23 16:24,Before 1/25
U,"5 J Carson Tue 89 Dec 5-8",2024-11-24 10:02,Before 1/25
U,"3314 Entertain Larry K Thu  2001 Aug 30",2024-11-24 17:03,Before 1/25
U,"1658 Entertain Tape mon 98 Oct 12",2024-11-24 23:17,Before 1/25
U,"1665 Entertian Tape Fri 98 Oct 16-18",2024-11-25 10:17,Before 1/25
U,"1651 Entertain Tape Fri 98 Oct 09-10",2024-11-25 16:35,Before 1/25
U,"1650 Entertain Tape Fri 98 Oct 09-10",2024-11-25 23:09,Before 1/25
U,"1677 Entertain Tape Fri 98 Oct 23-24",2024-11-26 09:18,Before 1/25
U,"760 Entertain Tape Sun 95 Dec 17-19",2024-11-26 17:05,Before 1/25
U,"890 News Ent Tonight D Lett Sun 97 Aug 31-01",2024-11-26 23:23,Before 1/25
U,"1680 Entertain Tape Sun 98 Oct 25",2024-11-27 08:37,Before 1/25
U,"1101 News Ent Tonight D Lett Sat 98 Oct 10-11",2024-11-27 16:15,Before 1/25
U,"1103 News Ent Tonight D Lett Mon 98 Oct 12-13",2024-11-27 23:29,Before 1/25
U,"1634 Entertasin Tape Sun 98 Sep 27",2024-11-28 11:17,Before 1/25
U,"1605 Entertain Tape Frank S Sun 98 Dec 13",2024-11-29 19:18,Before 1/25
U,"1686 Entertain Tape Thur 98 Oct 29",2024-12-01 13:40,Before 1/25
U,"767 Entertain Tape Sat 94 Dec 23",2024-12-01 23:10,Before 1/25
U,"1009 Entertain Tape Sun 97 May 11-15",2024-12-02 10:01,Before 1/25
U,"1135 Entertain Tape Thur 97 Sep 25-27",2024-12-02 16:49,Before 1/25
U,"899 News Ent Tonight D Lett Tue 97 Sep 16-17",2024-12-02 23:14,Before 1/25
U,"1002 Entertain Tape SAT 1997 MAY 03_04",2024-12-05 19:27,Before 1/25
U,"1131 Entertain Tape L King_SHowbiz Today FRI 1997 SEP 19",2024-12-07 23:09,Before 1/25
U,"0 120 Minutes SUN 1998 SEPT 13",2024-12-08 10:19,Before 1/25
U,"1001 Entertain Tape SAT 1997 MAY 03",2024-12-08 18:47,Before 1/25
U,"1811 News Ent Tonight D Lett Sun 2001 Sep 23",2024-12-21 16:13,Before 1/25
U,"887 News Ent Tonight D Let TUES 1997 AUG 26_28",2024-12-23 14:23,Before 1/25
U,"3393 Entertain Tape Mon 2001 Oct 8, 11",2024-10-23 23:43,Before 1/25
U,"3311 Entertain Tape Wed 2001 Aug 29",2024-10-04 22:24,Before 1/25
U,"3244 Entertain Tape Thurs 2001 Jul 26",2024-10-05 15:38,Before 1/25
U,"3312 Entertain Tape Wed 2001 Aug 29-30",2024-10-06 06:31,Before 1/25
U,"3252 Entertainment Tape Mon 2001 Jul 30",2024-10-06 13:25,Before 1/25
U,"3280 Entertain Tape Tues 2001 Aug 14",2024-10-06 19:44,Before 1/25
U,"3377 Entertain Tape + Terror Attack Sun 2001 Sep 30",2024-10-07 20:48,Before 1/25
U,"1823 News Ent Tonight D Lett Sun 2001 Sep 30",2024-10-08 05:20,Before 1/25
U,"3384 Entertain Tape cspan Thurs 2001 Oct 04",2024-10-08 23:15,Before 1/25
U,"3256 Entertain Tape Wed 2001 Aug 1",2024-10-10 00:24,Before 1/25
U,"3256 Entertain Tape Wed 2001 Aug 01",2024-10-11 07:09,Before 1/25
U,"3255 Entertain Tape Wed 2001 Aug 01",2024-10-14 06:05,Before 1/25
U,"3272 Entertain Tape Thurs 2001 Aug 09",2024-10-19 02:30,Before 1/25
U,"3269 Entertain Tape Tues 2001 Aug 07-09",2024-10-19 16:55,Before 1/25
U,"3301 Entertain Tape THurs 2001 Aug 23-24",2024-10-20 08:35,Before 1/25
U,"3302 Entertain Tape Fri 2001 Aug 24",2024-10-21 07:45,Before 1/25
U,"3401 Entertain Tape SAT 2001 OCT 13",2024-10-23 03:41,Before 1/25
U,"1833 News Entertain Tonight FRI 2001 OCT 05",2024-10-23 12:13,Before 1/25
U,"1754 Entertain Mon 98 Dec 14-15",2024-10-23 21:16,Before 1/25
U,"1763 Entertain Tape SAT 1998 DEC 19_27",2024-10-23 21:34,Before 1/25
U,"50 Rosie Thu 98 Dec 10-16",2024-10-23 21:45,Before 1/25
U,"3286 Entertain Tape Fri 2001 Aug 17",2024-10-23 23:31,Before 1/25
U,"3304 Entertain Tape Fri 2001 Aug 24-26",2024-10-23 23:36,Before 1/25
U,"3305 Entertain Tape Fri 2001 Aug 24-26",2024-10-23 23:38,Before 1/25
U,"3317 Entertain Tape Fri 2001 Aug 31",2024-10-23 23:39,Before 1/25
U,"3326 Entertain Tape Wed 2001 Sept 05",2024-10-23 23:40,Before 1/25
U,"3344 Entertain Tape Fri 2001 Sept 14",2024-10-23 23:41,Before 1/25
U,"3371 Entertain Tape Fri 2001 Sept 28-30",2024-10-23 23:42,Before 1/25
U,"3399 Entertain Tape Fri 2001 Oct 12",2024-10-23 23:45,Before 1/25
U,"3402 Entertain Tape Sat 2001 Oct 13-14",2024-10-23 23:46,Before 1/25
U,"806 News CSpan Thurs 2001 Sept 20-21",2024-10-24 00:56,Before 1/25
U,"1143 NewsEnt Tue 98 Dec 29-31",2024-10-24 01:00,Before 1/25
U,"1040 Entertain Sat 97 Jun 28-28",2024-10-24 01:01,Before 1/25
U,"977 Entertain Sat 96 Sep 14-15",2024-10-24 01:02,Before 1/25
U,"1735 Entertain Sun 98 Nov 29-30",2024-10-24 01:04,Before 1/25
U,"1742 Entertain Sun 98 Dec 6-10",2024-10-24 01:05,Before 1/25
U,"1724 Entertain Sun 98 Nov 22-22",2024-10-24 01:07,Before 1/25
U,"52 NatGeo Sun 98 Oct 25-15",2024-10-24 01:08,Before 1/25
U,"949 Entertain Sun 96 Aug 18-20",2024-10-24 01:09,Before 1/25
U,"1141 NewsEnt Sat 98 Dec 26-27",2024-10-24 01:11,Before 1/25
U,"3246 Entertain Tape Fri 2001 July 27-29",2024-11-11 13:20,Before 1/25
U,"65 J Carson Wed 89 Mar 15-Thu 89 Mar 16",2024-11-11 13:25,Before 1/25
U,"3277 Entertain Tape Sat 2001 Aug 11-12",2024-11-11 13:32,Before 1/25
U,"67 J Carson Thu 89 Mar 30-Tue 89 April 4",2024-11-11 13:33,Before 1/25
U,"473 News Magazine Shows Mon 2001 July 30",2024-11-11 13:39,Before 1/25
U,"658 J Leno Mon 2001 Oct 22-25",2024-11-11 13:41,Before 1/25
U,"1743 News Entertain Wed 2001 Aug 01",2024-11-11 15:08,Before 1/25
U,"1753 Entertain Tape Sun 98 Dec 13",2024-11-11 15:17,Before 1/25
U,"1138 News Ent Tonight Mon 98 Dec 21-22",2024-11-11 15:23,Before 1/25
U,"1753 News Ent Tonight Sat 2001 Aug 11",2024-11-11 15:27,Before 1/25
U,"3275 Entertain Tape Fri 2001 Aug 10-12",2024-11-11 15:27,Before 1/25
U,"1750 News Entertain Tonight Wed 2001 Aug 08",2024-11-11 15:29,Before 1/25
U,"3254 Entertain Tape Tues 2001 July 31-01",2024-11-11 15:37,Before 1/25
U,"1841 News Ent Tonight Tues 2001 Oct 9",2024-11-11 15:38,Before 1/25
U,"3403 Entertain Tape Sat 2001 Oct 13-14",2024-11-11 15:40,Before 1/25
U,"1847 News Ent Tonight Fri 2001 Oct 12",2024-11-11 15:47,Before 1/25
U,"1744 Entertain Tape Mon 98 Dec 07-09",2024-11-11 15:48,Before 1/25
U,"1764 Entertain Tape Sun 98 Dec 20",2024-11-11 15:50,Before 1/25
U,"1127 News Ent Tonight Wed 98 Dec 2-4",2024-11-11 15:51,Before 1/25
U,"1125 News Entertainment Tonight Sat 98 Nov 28-29",2024-11-11 15:52,Before 1/25
U,"0 Sat Night Live Sat 1998 Feb 28",2024-11-11 15:53,Before 1/25
U,"1131 News Ent Tonight Wed 98 Dec 9-11",2024-11-11 15:55,Before 1/25
U,"185 News Magazine Shows Sun 98 Nov 22",2024-11-11 15:57,Before 1/25
U,"1140 News Ent Tonight D Lett Fri 98 Dec 25-28",2024-11-11 16:03,Before 1/25
U,"179 News Magazine Shows Tues 98 Oct 27",2024-11-11 19:55,Before 1/25
U,"1768 Entertain Tape Tues 98 Dec 22-23",2024-11-11 20:07,Before 1/25
U,"40 Rosie O Donnell Fri 98 Oct 16",2024-11-11 20:10,Before 1/25
U,"1747 Entertain Tape L King Thurs 98 Dec 10",2024-11-11 20:13,Before 1/25
U,"57 J Carson Fri 89 Jan 27-01",2024-11-11 21:00,Before 1/25
U,"503 News Magazine Shows Sat 2001 Oct 27",2024-11-11 21:01,Before 1/25
U,"64 J Carson Thu 89 Mar 9-14",2024-11-11 21:02,Before 1/25
U,"1843 News Ent Tonight D Lett Wed 2001 Oct 10",2024-11-11 21:17,Before 1/25
U,"1831 News Ent Tonight D Lett Thu 2001 Oct 04",2024-11-11 21:18,Before 1/25
U,"3383 Entertain Tape Thu 2001 Oct 04",2024-11-11 21:19,Before 1/25
U,"3386 Entertain Tape MSNBC Fri 2001 Oct 5",2024-11-11 21:21,Before 1/25
U,"1136 News Ent Tonight D Lett Sat 98 Dec 19-20",2024-11-11 21:23,Before 1/25
U,"1123 News Ent TonightD Lett Mon 98 Nov 23",2024-11-11 21:24,Before 1/25
U,"1126 News Ent Tonight D Lett Mon 98 Nov 30-01",2024-11-11 21:24,Before 1/25
U,"288 News Nightline Fri 98 Dec 04",2024-11-11 21:28,Before 1/25
U,"1766 Entertaine Tape Mon 98 Dec 21-22",2024-11-11 21:43,Before 1/25
U,"1697 Entertain Tape Fri 98 Nov 06-08",2024-11-11 22:01,Before 1/25
U,"1769 Entertain Tape Thurs 98 Dec 22-23",2024-11-11 22:48,Before 1/25
U,"38 Rosie O Donnell Tue 98 Oct 06",2024-11-11 22:50,Before 1/25
U,"39 Rosie O Donnell Tues 98 Oct 13",2024-11-11 22:51,Before 1/25
U,"174 News Magazine Shows Fri 98 Oct 09",2024-11-11 22:54,Before 1/25
U,"175 News Magazine Shows Mon 98 Oct 12",2024-11-11 22:54,Before 1/25
U,"176 News Mag Shows THU 1998 OCT 15",2024-11-11 22:56,Before 1/25
U,"178 News Magazine Shows Wed 98 Oct 21",2024-11-11 22:56,Before 1/25
U,"180 News Mag Shows Sun 98 Nov 01",2024-11-11 22:59,Before 1/25
U,"287 News Nightline Mon 98 Nov 30",2024-11-11 23:02,Before 1/25
U,"289 News Nightline Thu 98 Dec 10",2024-11-11 23:05,Before 1/25
U,"1757 Entertaine Tape Thurs 98 Dec 17",2024-11-11 23:13,Before 1/25
U,"1108 News Ent Tonight D Lett Sun 98 Oct 25-28",2024-11-12 13:40,Before 1/25
U,"1118 News Ent Tonight D Lett Sun 98 Nov 15-17",2024-11-12 13:41,Before 1/25
U,"1134 News Ent Tonight D Lett Tues 98 Dec 15-16",2024-11-12 13:41,Before 1/25
U,"50 Nat Geo Explorer Sun 98 Aug 02",2024-11-15 15:09,Before 1/25
U,"51 Rosie O Donnell Wed 98 Dec 16",2024-11-15 15:13,Before 1/25
U,"1682 Entertain Tape Mon 98 Oct 26-28",2024-11-20 21:55,Before 1/25
U,"1673 Entertain Tape Wed 1998 OCT 21-23",2024-11-22 07:38,Before 1/25
U,"1653 Entertain Tape Sun 98 Oct 10",2024-11-24 08:30,Before 1/25
U,"1666 Entertain Tape Fri 98 Oct 16-18",2024-11-25 07:38,Before 1/25
U,"1657 Entertain Tape Mon 98 Oct 12",2024-11-25 16:33,Before 1/25
U,"1654 Entertain Tape Sun 98 Oct 11",2024-11-25 23:08,Before 1/25
U,"1676 News Ent TOnight D Lett THur 98 Oct 22-23",2024-11-26 08:39,Before 1/25
U,"166 News Mag Shows Wed 98 Sep 16",2024-11-30 21:38,Before 1/25
U,"1111 News Ent Tonight D Lett Sun 98 Nov 01-02",2024-12-01 07:09,Before 1/25
U,"165 News Magazine Shows Mon 98 Sep 07",2024-12-01 18:28,Before 1/25
U,"1017 Entertain Tape SUN 1997 MAY 25",2024-12-02 04:00,Before 1/25
U,"1018 Entertain Tape Mon 97 May 26",2024-12-02 16:49,Before 1/25
U,"901 News Ent Tonight D Lett Sat 97 Sep 20-22",2024-12-02 23:14,Before 1/25
U,"898 News Ent TOnight D Lett Sun 97 Sep 14-16",2024-12-03 20:51,Before 1/25
U,"1004 Entertain Tape FRI 1997 MAY 9",2024-12-04 03:48,Before 1/25
U,"1140 Entertain Tape SUN 1997 SEP 28",2024-12-06 04:54,Before 1/25
U,"1012 Entertain Tape SAT 1997 MAY 17-18",2024-12-08 08:46,Before 1/25
U,"755 Entertain Tape SAT 1995 DEC 09-10",2024-12-08 20:16,Before 1/25
U,"3396 Entertain Tape WED 2001 OCT 10 L King_AccessHollywood",2024-12-17 05:56,Before 1/25
U,"3374 Entertain Tape L_King MON 2001 SEPT 24",2024-12-17 23:05,Before 1/25
U,"1816 News Ent Tonight Wed 2001 Sep 26",2024-12-20 22:31,Before 1/25
U,"1811 News Entertain Tonight D Let SUN 2001 SEP 23",2024-12-22 07:10,Before 1/25
U,"1116 News Ent Tonight D Lett Wed 98 Nov 11-13",2024-11-12 15:15,Before 1/25
U,"1641 ENtertain Tape Fri 98 Oct 02-04",2024-11-12 22:33,Before 1/25
U,"277 News Nightline Wed 98 Oct 07",2024-11-13 06:57,Before 1/25
U,"276 News Nightline Thurs 98 Oct 01",2024-11-13 13:36,Before 1/25
U,"35 Rosie O Donnell Tues 98 Sep 22",2024-11-13 21:08,Before 1/25
U,"1097 News Ent Tonight D Lett Fri 98 Oct 02-04",2024-11-14 06:57,Before 1/25
U,"1694 Entertain Tape Tues 98 Nov 03",2024-11-14 22:51,Before 1/25
U,"33 Rosie O Donnell Fri 98 Sep 11",2024-11-15 10:02,Before 1/25
U,"0 Clinton's Grand Jury Testimony Mon 98 Sep 21",2024-11-15 17:01,Before 1/25
U,"1105 News Etn Tonight D Lett Fri 98 Oct 16-17",2024-11-15 23:20,Before 1/25
U,"1099 News Ent Tonight D Lett Tue 98 Oct 06-07",2024-11-16 10:35,Before 1/25
U,"173 News Magazine Shows Sun 98 Sep 13",2024-11-12 07:00,Before 1/25
U,"1114 News Ent Tonight D Lett Sun 98 Nov 08",2024-11-12 15:19,Before 1/25
U,"445 J Leno Wed 98 Sept 30-06",2024-11-12 22:32,Before 1/25
U,"42 Rosie O Donnell Wed 98 Oct 28",2024-11-13 06:57,Before 1/25
U,"278 News Nightline Tues 98 Oct 13",2024-11-13 13:35,Before 1/25
U,"1104 News Ent Tonight D Lett Wed 98 Oct 14-15",2024-11-15 23:13,Before 1/25
U,"1642 Entertain Tape Fri 98 Oct 02-04",2024-11-15 23:17,Before 1/25
U,"1674 Entertain Tape Wed 98 Oct 21-25",2024-11-15 23:24,Before 1/25
U,"34 Rosie O Donnell Mon 98 Sep 14",2024-11-15 23:30,Before 1/25
U,"36 Rosie O Donnell Mon 98 Sep 28",2024-11-15 23:35,Before 1/25
U,"444 J Leno Thurs 98 Sep 24-29",2024-11-15 23:38,Before 1/25
U,"1106 News Etn Tonight D Lett Sat 98 Oct 18-18",2024-11-15 23:42,Before 1/25
U,"275 News Nightline Fri 98 Sep 25",2024-11-16 10:33,Before 1/25
U,"0 XXIX Olympics (Beijing) - Fri 2008 Aug 15",2025-01-01 00:00,Before 1/25
U,"0 Dawsons Creek Wed 2002 Oct 02",2025-01-01 00:00,Before 1/25
VHS A,"627 News Ent Tonight Sun 95 Oct 22.mp4",2025-01-31 15:29,
VHS C,"625 News Ent Tonight Sat 95 Oct 07-08",2025-01-31 15:32,
VHS B,"518 J Leno Tue 99 Nov 16-20",2025-01-31 19:58,
VHS A,"636 News Ent Tonight Mon 95 Nov 13-16.mp4",2025-01-31 23:11,
VHS C,"1007 Entertain Tape Sun 97 May 11",2025-01-31 23:11,
VHS A,"112 Rosie O Donnell Tue 99 Nov 23.mp4",2025-02-01 09:32,
VHS B,"1006 Entertain Tape Sat 97 May 10-11",2025-02-01 09:37,
VHS C,"283 News Magazine Shows Sun 99 Oct 31",2025-02-01 09:38,
VHS A,753 Entertain Tape Mon 95 Dec 04-6.mp4,2025-01-31 09:07,
VHS A,519 J Leno Mon 99 Nov 22-26.mp4,2025-02-01 17:57,
VHS C,113 Rosie ODonnell Fri 99 Nov 26,2025-02-01 18:00,
VHS B,111 Rosie McDonnell Wed 99 Nov 17,2025-02-01 18:00,
VHS A,117 Rosie ODonnell Mon 99 Dec 13.mp4,2025-02-02 09:42,
VHS B,298 News Magazine Shows Sun 99 Dec 19,2025-02-02 11:00,Auto-added by scan
VHS C,116 Rosie ODonnell Tue 99 Dec 07,2025-02-02 11:00,Auto-added by scan
VHS A,3227 Entertain Tape Wed 2001 July 18.mp4,2025-02-02 16:34,
VHS C,1208 Entertain Tape L King Wed 97 Dec 10,2025-02-02 16:36,
VHS B,0 Saturday Night Live 96 Jun 29-13,2025-02-02 16:36,
VHS A,517 J Leno Wed 99 Nov 9-12.mp4,2025-02-02 23:26,
VHS C,3211 Entertain Tape Tue 2001 July 10,2025-02-02 23:27,
VHS B,3231 Entertain Tape Fri 2001 July 20,2025-02-02 23:27,
VHS A,3213 Entertain Tape Wed 2001 July 11.mp4,2025-02-03 07:59,
VHS C,293 News Mag Shows Fri 99 Dec 03,2025-02-03 08:00,
VHS B,115 Rosie ODonnell Wed 99 Dec 01,2025-02-03 08:47,
VHS A,3243 Entertain Tape Fri 2001 July 27.mp4,2025-02-03 14:37,
VHS C,3209 Entertain Tape Mon 2001 July 09,2025-02-03 16:33,
VHS B,3210 Entertain Tape Mon 2001 July 09,2025-02-03 16:34,
VHS A,356 News Nightline Fri 99 Nov 19.mp4,2025-02-03 23:08,
VHS C,3242 Entertain Tape Wed 2001 July 25,2025-02-03 23:13,
VHS B,3241 Entertain Tape Tue 2001 July 24-25,2025-02-03 23:13,
VHS A,241 Rosie O Donnell Tue 2001 July 24.mp4,2025-02-04 12:33,
VHS C,525 J Leno Thur 99 Dec 23-27,2025-02-04 12:35,
VHS B,1341 News Ent Tonight D Lett Fri 99 Nov 12-13,2025-02-04 12:35,
VHS A,1342 News Ent Tonight D Lett Sun 99 Nov 14.mp4,2025-02-04 18:53,
VHS C,240 Rosie ODonnell Mon 2001 July 23,2025-02-04 18:54,
VHS B,213 News Nightline Mon 97 Dec 29,2025-02-04 18:54,
VHS A,114 Rosie O Donnell Wed 99 Dec 22.mp4,2025-02-05 06:55,
VHS A,108 Natl Geo Explorer Sun 2001 July 15.mp4,2025-02-05 15:12,
VHS C,118 Rosie ODonnell Thur 99 Dec 16,2025-02-05 15:14,
VHS B,108 Rosie O Donnell Wed 99 Nov 03,2025-02-05 15:14,
VHS B,524 J Leno Fri 99 Dec 17-22,2025-02-05 15:19,
VHS C,1347 News Ent Tonight D Lett Mon 99 Nov 22-23,2025-02-05 15:24,
VHS A,626 News Ent TOnight Sun 95 Oct 15.mp4,2025-02-05 23:21,
VHS C,1225 Entertain Tape Sun 97 Dec 28,2025-02-05 23:22,
VHS B,643 J Leno Fri 2001 Aug 03 10,2025-02-05 23:22,
VHS A,109 Natl Geographic Explorer Sun 2001 July 29.mp4,2025-02-06 09:45,
VHS C,110 Rosie ODonnell Fri 99 Nov 12,2025-02-06 09:46,
VHS B,1345 News Ent Tonight D Lett Fri 99 Nov 19-20,2025-02-06 09:46,
VHS C,1209 Entertain Tape Sun 97 Dec 14,2025-02-06 16:25,
VHS A,0 Super Bowl XLV Sun 2011 Feb 06.mp4,2025-02-06 16:25,
VHS B,108 Natl Geo Explorer Sun 2001 July 15,2025-02-06 18:58,
VHS C,21 J Carson Fri 87 Oct 9-19,2025-02-06 23:04,
VHS A,1346 News Ent Tonight D Lett Sun 99 Nov 21.mp4,2025-02-06 23:06,
VHS B,1344 News Ent TOnight D Lett Wed 99 Nov 17-18,2025-02-07 08:59,
VHS C,523 J Leno Mon 99 Dec 13-16,2025-02-07 09:00,
VHS A,0 Tonight Show Mon 2013 Sep 16-20.mp4,2025-02-07 09:01,
VHS C,162 News Entertainment Tonight Sat 91 Apr 13-15,2025-02-07 14:55,
VHS A,312 J Leno Fri 95 Jan 20-27.mp4,2025-02-07 14:57,
VHS B,0 Movies Review Sun 89 Jan 15-29,2025-02-07 15:00,
VHS B,19 J Carson Fri 87 Sep 18-28,2025-02-07 22:44,
VHS A,0 Iraq War Sun 91 Jan 27-29.mp4,2025-02-07 22:44,
VHS C,0 News Combat Hee Haw Mon 88 Aug 08-15,2025-02-07 23:23,
VHS C,1 Paper Chase Sat 88 Jan 9-30,2025-02-08 09:10,
VHS A,3214 Entertain Tape Thur 2001 July 12.mp4,2025-02-08 09:10,
VHS B,0 Iraq War Thur 91 Jan 31-03,2025-02-08 09:11,
VHS C,3212 Entertain Tape Tue 2001 July 10-12,2025-02-08 16:07,
VHS B,3240 ENtertain Tape Tue 2001 July 24,2025-02-08 16:07,
VHS A,1212 Entertain Tape Fri 97 Dec 19-20.mp4,2025-02-08 16:07,
VHS A,2232 Entertain Tape Sun 99 Oct 10.mp4,2025-02-08 23:07,
VHS C,0 Sat Night Live 08 July 19 - August 30,2025-02-08 23:07,
VHS B,946 News Ent Tonight D Lett Sun 97 Dec 21-22,2025-02-08 23:07,
VHS A,354 News Nightline Tue 99 Nov 9.mp4,2025-02-09 10:32,
VHS C,2233 Entertain Tape Mon 99 Oct 11-12,2025-02-09 10:34,
VHS B,2231 Entertain Tape Sat 99 Oct 09-10,2025-02-09 10:35,
VHS B,3215 Entertain Tape Fri 2001 July 13,2025-02-09 17:21,
VHS C,3238 Entertain Tape Mon 2001 July 23,2025-02-09 17:21,
VHS A,3061 Entertain Tape Fri 2001 April 27-29.mp4,2025-02-09 17:21,
VHS A,0 Today Show Thur 99 Dec 16.mp4,2025-02-09 23:47,
VHS B,3059 Entertain Tape Thur 2001 Apr 26,2025-02-09 23:48,
VHS C,3060 Entertain Tape Fri 2001 Apr 27,2025-02-09 23:48,
VHS A,0 TOday Show Mon 99 Dec 13.mp4,2025-02-10 09:49,
VHS C,0 Today Show Tue 99 Dec 28,2025-02-10 09:51,
VHS B,0 Today Show Wed 99 Dec 22,2025-02-10 09:52,
VHS A,7 ROsie O Donnell Mon 98 Jan 19.mp4,2025-02-10 16:08,
VHS B,121 Rosie O Donnell Wed 2000 Jan 05,2025-02-10 16:11,
VHS C,368 News Nightline Tues 2000 Jan 25,2025-02-10 16:11,
VHS A,0 Millenium Morning Fri 99 Dec 31.mp4,2025-02-10 22:21,
VHS B,0 Super Bowl XXXII Sun 98 Jan 25,2025-02-10 22:33,
VHS C,409 J Leno Mon 98 Feb 23-27,2025-02-10 22:33,
VHS A,365 News Nightline Thurs 2000 Jan 06.mp4,2025-02-11 09:53,
VHS C,0 Millenium News Sat 2000 Jan 01,2025-02-11 09:54,
VHS B,0 Millenium Discussion Sat 2000 Jan 01,2025-02-11 09:55,
VHS C,527 J Leno Wed 2000 Jan 05-07,2025-02-11 16:20,
VHS A,530 J Leno Fri 2000 Jan 21 28.mp4,2025-02-11 16:20,
VHS B,3426 Entertain Tape Thur 2001 Oct 25,2025-02-11 16:22,
VHS A,2873 Entertain Tape Fri 2001 Jan 05.mp4,2025-02-11 23:10,
VHS C,3053 Entertain Tape Mon 2001 Apr 23,2025-02-11 23:12,
VHS D,421 J Leno Fri 98 May 15-20,2025-02-11 23:12,
VHS B,3427 Entertain Tape Thur 2001 Oct 25,2025-02-11 23:12,
VHS A,0 News Magazine Shows Sun 2013 June 09.mp4,2025-02-12 09:42,
VHS D,0 Millenium Fox Morning Fri 99 Dec 31,2025-02-12 09:45,
VHS B,0 Millenium CNN Evening Fri 99 Dec 31,2025-02-12 09:45,
VHS C,0 Millenium Fox Evening Fri 99 Dec 31,2025-02-12 09:47,
VHS A,3055 Entertain Tape Tues 2001 Apr 24.mp4,2025-02-12 15:55,
VHS D,0 Sat NIght Live Sat 1998 Jan 31-21,2025-02-12 15:59,
VHS B,3225 Entertain Tape Tues 2001 July 17,2025-02-12 16:02,
VHS A,2911 Entertain Tape Sat 2001 Feb 03-04.mp4,2025-02-12 17:00,
VHS C,2245 Entertain Tape Thurs 99 Oct 21-23,2025-02-12 21:30,
VHS D,109 Rosie O Donnell Tues 99 Nov 09,2025-02-12 22:40,
VHS B,2907 Entertain Tape Thur 2001 Feb 01-03,2025-02-12 22:42,
VHS A,0 Millenium KATU evening Fri 99 Dec 31.mp4,2025-02-12 23:14,
VHS A,1370 News Ent TOnight D Lett Sun 2000 Jan 02.mp4,2025-02-13 07:38,
VHS C,0 Millenium CNN Morning Fri 99 Dec 31,2025-02-13 07:39,
VHS D,0 Millenium KATU Morning Fri 99 Dec 31,2025-02-13 07:39,
VHS B,0 Millenium CNN Sat 2000 Jan 01,2025-02-13 07:41,
VHS A,408 J Leno Mon 98 Feb 16-20.mp4,2025-02-13 16:41,
VHS C,1369 News Ent Tonight D Lett Tue 99 Dec 28-29,2025-02-13 16:41,
VHS D,1368 News Ent Tonight D Lett Mon 99 Dec 27,2025-02-13 16:47,
VHS B,0 Millenium MSNBC Evening Fri 99 Dec 31,2025-02-13 16:47,
VHS A,0 Good Morning America Wed 99 Dec 22.mp4,2025-02-13 23:23,
VHS C,1737 News Ent TOnight D Lett Thur 2001 July 26,2025-02-13 23:30,
VHS D,1732 News Ent TOnight D Lett Sat 2001 July 21,2025-02-13 23:30,
VHS B,1738 News Ent Tonight D Lett Fri 2001 July 27,2025-02-13 23:30,
VHS A,3329 Entertain Tape Mon 2001 July 23-24.mp4,2025-02-14 10:11,
VHS C,2328 Entertain Tape Fri 99 Dec 31-01,2025-02-14 10:12,
VHS D,526 J Leno Tues 99 Dec 28-04,2025-02-14 10:17,
VHS B,0 Good Morning America Mon 99 Dec 27,2025-02-14 10:18,
VHS A,3051 Entertain Tape Sat 2001 Apr 21-22.mp4,2025-02-14 16:56,
VHS C,1736 News Ent Tonight D Lett Wed 2001 July 25,2025-02-14 17:03,
VHS D,0 Americas Next Top Model Wed 2008 Feb 06,2025-02-14 17:03,
VHS B,1735 News Ent Tonight D Lett Tues 2001 July 24,2025-02-14 17:03,
VHS C,242 Rosie O Donnell Fri 2001 July 27,2025-02-14 23:22,
VHS A,0 Good Morning America Thurs 99 Dec 16.mp4,2025-02-14 23:22,
VHS B,3057 Entertain Tape Wed 2001 Apr 25,2025-02-14 23:26,
VHS D,0 Good Morning America Mon 99 Dec 13,2025-02-14 23:26,
VHS A,2619 Entertain Tape Fri 2000 July 28.mp4,2025-02-15 10:17,
VHS D,1387 News Ent Tonight D Lett Thurs 99 Dec 30,2025-02-15 10:18,
VHS C,2327 Entertain Tape Wed 99 Dec 29-31,2025-02-15 10:23,
VHS B,120 Rosie O Donnell Wed 99 Dec 29,2025-02-15 10:24,
VHS C,2624 Entertain Tape Sat 2000 July 29-31,2025-02-15 16:51,
VHS A,1734 News Ent Tonight D Lett Mon 2001 July 23.mp4,2025-02-15 16:50,
VHS D,46 News Mag Tapes Wed 96 July 10,2025-02-15 16:55,
VHS B,569 J Leno Fri 2000 July 28-04,2025-02-15 16:55,
VHS A,1386 News Ent Tonight D Lett Sun 2000 Jan 30-31.mp4,2025-02-15 23:32,
VHS D,640 J Leno Fri 2001 July 20-27,2025-02-15 23:33,
VHS C,3218 Entertain Tape Fri 2001 July 13-15,2025-02-15 23:34,
VHS B,3217 Entertain Tape Fri 2001 July 13,2025-02-15 23:38,
VHS D,2234 ENtertain Tape L King Tues 99 Oct 12,2025-02-16 09:49,
VHS A,2909 ENtertain Tape Fri 2001 Feb 02-03.mp4,2025-02-16 09:49,
VHS C,2235 Entertain Tape Tues 99 Oct 12-13,2025-02-16 09:54,
VHS B,2244 Entertain Tape Tues 99 Oct 19-20,2025-02-16 09:55,
VHS D,912 Entertain Tape Tues 96 July 16-18,2025-02-16 17:36,
VHS A,604 J Leno Fri 2001 Jan 19-26.mp4,2025-02-16 17:36,
VHS C,2908 Entertain Tape Thurs 2001 Feb 01-02,2025-02-16 17:40,
VHS B,47 News Magazine SHows Wed 96 July 17,2025-02-16 17:41,
VHS A,2260 Entertain Tape Tues 99 Nov 02-03.mp4,2025-02-17 00:09,
VHS D,914 Entertain Tape Thurs 96 July 18,2025-02-17 00:09,
VHS B,260 Rosie O Donnell Fri 2001 Oct 26,2025-02-17 00:11,
VHS A,148 Rosie O Donnell Wed 2000 May 24.mp4,2025-02-17 10:11,
VHS D,2238 Entertain Tape Fri 99 Oct 15-17,2025-02-17 10:12,
VHS C,2261 Entertain Tape L King Wed 99 Nov 03,2025-02-17 10:18,
VHS B,643 News Ent TOnight Fri 95 Dec 07,2025-02-17 10:18,
VHS A,0 Droy Squad El Mariachi Shawshank Redemption Jan 28-22.mp4,2025-02-17 17:00,
VHS C,150 Rosie O Donnell Mon 2000 May 29,2025-02-17 17:05,
VHS D,149 Rosie O Donnell Fri 2000 May 26,2025-02-17 17:05,
VHS B,151 Rosie O Donnell Wed 2000 May 31,2025-02-17 17:05,
VHS A,2265 Entertain Tape Fri 99 Nov 05-07.mp4,2025-02-17 22:49,
VHS B,69 Natioanl Geographic Explorer Sun 99 Nov 28,2025-02-17 23:22,
VHS C,307 News and Nightline Mon 2000 Jan 17,2025-02-17 23:25,
VHS D,2900 Entertain Tape Fri 2001 Jan 26-28,2025-02-17 23:28,
VHS A,2611 Entertain Tape Sat 2000 July 22-24.mp4,2025-02-18 07:52,
VHS C,2267 Entertain Tape L King Tues 99 Nov 09,2025-02-18 07:58,
VHS D,2262 Entertain Tape Wed 99 Nov 03-04,2025-02-18 07:58,
VHS B,2243 Entertain Tape Mon 99 Oct 18,2025-02-18 07:58,
VHS A,3450 Entertain Tape Sun 2001 Nov 04-05.mp4,2025-02-18 16:40,
VHS C,2613 Entertain Tape L King Mon 2000 July 24,2025-02-18 16:49,
VHS B,2897 Entertaine Tape Wed 2001 Jan 24-25,2025-02-18 16:49,
VHS D,2612 Entertain Tape Sun 2000 July 23-24,2025-02-18 16:49,
VHS A,2910 Entertain Tape Sat 2001 Feb 03.mp4,2025-02-18 22:56,
VHS D,3006 Entertain Tape Thurs 2001 Mar 29,2025-02-18 23:05,
VHS C,3409 Entertain Tape L King Tues 2001 Oct 16,2025-02-18 23:06,
VHS C,2896 Entertain Tape Mon 2001 Jan 22-25,2025-02-19 10:40,
VHS D,2899 Entertain Tape Thurs 2001 Jan 25-26,2025-02-19 10:40,
VHS B,1870 News War On Terrorism Tues 2001 Oct 22,2025-02-19 10:42,
VHS A,3411 Entertain Tape Thurs 2001 Oct 18.mp4,2025-02-19 17:29,
VHS B,3421 Entertain Tape Mon 2001 Oct 22,2025-02-19 17:33,
VHS D,3420 Entertain Tape Mon 2001 Oct 22,2025-02-19 17:33,
VHS A,2893 Entertain Tape Tues 2001 Jan 09-26.mp4,2025-02-20 01:13,
VHS C,3008 Entertain Tape Fri 2001 Mar 30,2025-02-20 01:17,
VHS D,3422 Entertain Tape Mon 2001 Oct 22-23,2025-02-20 01:22,
VHS B,3423 Entertain TApe Tues 2001 Oct 23,2025-02-20 01:22,
VHS A,360 News Nightline Fri 99 Dec 10.mp4,2025-02-20 07:45,
VHS C,2614 Entertain Tape Jack Hanna Mon 2000 July 24-25,2025-02-20 07:46,
VHS B,95 Natl Georgraphic Explorer Sun 2000 Dec 31,2025-02-20 07:49,
VHS D,3062 Entertain Tape Fri 2001 Apr 27-29,2025-02-20 07:50,
VHS A,1470 Entertain Tape Biography Sun 98 June 21.mp4,2025-02-20 16:25,
VHS C,520 J Leno Fri 99 Nov 26-02,2025-02-20 16:26,
VHS D,516 J Leno Wed 99 Nov 03-06,2025-02-20 16:31,
VHS B,522 J Leno Mon 99 Dec 06-11,2025-02-20 16:31,
VHS A,359 News NIghtline Mon 99 Dec 06.mp4,2025-02-20 22:54,
VHS C,3009 Entertain Tape Fri 2001 Mar 30-01,2025-02-20 22:54,
VHS B,1471 Entertain Tape VH1 Sun 98 June 21,2025-02-20 22:58,
VHS D,3027 Entertain Tape Sun 2001 Apr 08,2025-02-20 22:58,
VHS A,68 Natl Geographic Explorer Sun 99 Nov 21.mp4,2025-02-21 08:43,
VHS C,2281 Entertain Tape Sat 99 Nov 20-22,2025-02-21 08:44,
VHS D,3028 Entertain Tape Sun 2001 Apr 08-10,2025-02-21 08:49,
VHS B,2282 Entertain Tape Mon 99 Nov 22-24,2025-02-21 08:50,
VHS C,3229 Entertain Tape Thurs 2001 July 19,2025-02-21 15:49,
VHS A,291 News Magazine Shows Fri 99 Nov 26.mp4,2025-02-21 15:48,
VHS D,3419 Entertain Tape Sun 2001 Oct 21,2025-02-21 15:53,
VHS B,115 Natl Geographic Explorer Sun 2001 Oct 21-28,2025-02-21 15:53,
VHS C,2610 Entertain Tape Sat 2000 July 22-24,2025-02-21 23:20,
VHS A,1315 News Ent Tonight D Lett Fri 99 Oct 01-02.mp4,2025-02-21 23:19,
VHS D,2625 Entertain Tape Mon 2000 July 31-01,2025-02-21 23:24,
VHS B,0 Mystery Science Theatre 3000 Sat 98 Oct 17,2025-02-21 23:24,
VHS C,2236 Entertain Tape Wed 99 Oct 13-14,2025-02-22 10:13,
VHS A,100 National Geo Explorer Sun 2001 Mar 25.mp4,2025-02-22 10:13,
VHS D,2264 Entertain Tape Fri 99 Nov 05-07,2025-02-22 10:19,
VHS B,2266 Entertain Tape Mon 99 Nov 07-09,2025-02-22 10:20,
VHS A,101 Natl Geographic Explorer Sun 2001 Apr 08.mp4,2025-02-22 16:39,
VHS D,3035 Entertain Tape Fri 2001 Apr 13,2025-02-22 16:43,
VHS B,0 Saturday Night Live Sat 2001 Feb 24-03,2025-02-22 16:43,
VHS C,0 Sat NIght Live Sat 2001 Apr 14,2025-02-22 16:46,
VHS C,0 Dawsons Creek Wed 2001 Mar 07,2025-02-22 23:07,
VHS A,1873 CSPAN Tues 2001 Oct 23-24.mp4,2025-02-22 23:07,
VHS D,1879 News War On Terrorism Fri 2001 Oct 26,2025-02-22 23:09,
VHS B,0 Dawsons Creek Wed 2001 Jan 31,2025-02-22 23:16,
VHS A,2984 Entertain Tape Fri 2001 Mar 16-17.mp4,2025-02-23 09:20,
VHS C,1866 News Ent Tonight D Lett Sun 2001 Oct 21,2025-02-23 09:21,
VHS D,2259 Entertain Tape Mon 99 Nov 01,2025-02-23 09:27,
VHS B,2237 Entertain Tape Thurs 99 Oct 14-15,2025-02-23 09:27,
VHS C,3014 Entertain Tape Tues 2001 Apr 03,2025-02-23 15:44,
VHS B,3030 Entertain Tape Mon 2001 Apr 09,2025-02-23 15:48,
VHS D,3013 Entertain Tape Mon 2001 Apr 02,2025-02-23 15:48,
VHS A,3029 Entertain Tape L King Mon 2001 Apr 09.mp4,2025-02-23 16:08,
VHS A,302 News Nightline Tues 99 Feb 16.mp4,2025-02-23 23:44,
VHS C,0 Saturtday Night Live Sat 2001 Mar 10-17,2025-02-23 23:44,
VHS D,3234 Entertain Tape Sat 2001 July 21,2025-02-23 23:44,
VHS B,81886 News Ent TOnight D Lett Sun 2001 Oct 28-29,2025-02-23 23:46,
VHS C,1867 News War On Terrorism Sun 2001 Oct 21,2025-02-24 08:49,
VHS D,3425 Entertain Tape Wed 2001 Oct 24,2025-02-24 08:54,
VHS B,3424 Entertain Tape Tues 2001 Oct 23-24,2025-02-24 08:54,
VHS A,480 J Leno Tues 99 Apr 20-23.mp4,2025-02-24 08:55,
VHS A,479 J Leno Thurs 99 Apr 15-19.mp4,2025-02-24 16:04,
VHS C,314 News Nightline Tues 99 Apr 20,2025-02-24 16:05,
VHS D,1991 Entertain Tape Tues 99 Apr 20,2025-02-24 16:09,
VHS B,1210 News Ent Tonight D Lett Tues 99 Apr 20-21,2025-02-24 16:09,
VHS C,1209 News Ent Tonight D Lett Mon 99 Apr 19-20,2025-02-24 23:14,
VHS A,206 News Magazine Show Fri 99 Feb 12.mp4,2025-02-24 23:16,
VHS D,1990 Ent Tape Mon 99 Apr 19,2025-02-24 23:18,
VHS B,224 News Magazine Shows Mon 99 Apr 19,2025-02-24 23:18,
VHS A,1887 Entertain Tape Sat 99 Feb 27-28.mp4,2025-02-25 07:42,
VHS C,207 News Mag Shows Mon 99 Feb 15,2025-02-25 07:43,
VHS D,300 News Nightline Thurs 99 Feb 04,2025-02-25 07:48,
VHS B,301 News Nightline Wed 99 Feb 10,2025-02-25 07:48,
VHS C,1889 Entertain Tape L King Thurs 99 Feb 25,2025-02-25 16:55,
VHS B,1888 Entertain Tape Grammy Award Wed 99 Feb 24-28,2025-02-25 17:01,
VHS D,1890 Entertain Tape Fri 99 Feb 26-28,2025-02-25 17:01,
VHS C,1993 Entertain Tape Wed 99 Apr 21-22,2025-02-25 23:27,
VHS D,1992 Entertain Tape Thurs 99 Apr 21,2025-02-25 23:31,
VHS B,225 News Magazine Shows Wed 99 Apr 21,2025-02-25 23:31,
VHS C,303 News Nightline Mon 99 Feb 22,2025-02-26 09:55,
VHS D,469 J Leno Mon 99 Feb 15-15,2025-02-26 10:00,
VHS B,2898 Tnertain Tape L King Thurs 2001 Jan 25,2025-02-26 10:01,
VHS A,59 National Geographic Explorer Wed 99 Apr 21.mp4,2025-02-26 10:08,
VHS C,1994 Entertain Tape Thurs 99 Apr 22-23,2025-02-26 16:56,
VHS D,73 Rosie O Donnell Wed 99 Apr 21,2025-02-26 16:56,
VHS A,3410 Entertain Tape Wed 2001 Oct 17.mp4,2025-02-26 16:55,
VHS B,481 J Leno Fri 99 Apr 23,2025-02-26 16:57,
VHS A,466 J Leno Fri 99 Feb 05-11.mp4,2025-02-26 23:18,
VHS C,3438 Entertain Tape Tues 2001 Oct 30,2025-02-26 23:18,
VHS B,3437 Entertain Tape Mon 2001 Oct 29,2025-02-26 23:22,
VHS D,3439 Entertain Tape Wed 2001 Oct 31,2025-02-26 23:22,
VHS A,1179 News Ent TOnight D Lett Mon 99 Mar 01-02.mp4,2025-02-27 07:45,
VHS C,521 J Leno Thurs 99 Dec 02-06,2025-02-27 07:46,
VHS D,299 News Mag Shows Fri 99 Dec 24,2025-02-27 07:52,
VHS B,358 News Nightline Tues 99 Nov 30,2025-02-27 07:52,
VHS A,1096 News Ent Tonight D Lett Wed 98 Sept 30-01.mp4,2025-02-27 15:38,
VHS C,1906 Entertain Tape Sat 99 Mar 06-07,2025-02-27 17:18,
VHS D,1891 Entertain Tape Sat 99 Feb 27-28,2025-02-27 17:24,
VHS B,1895 Entertain Tape Sun 99 Feb 28,2025-02-27 17:24,
VHS A,1907 Entertain Tape Sat 99 Mar 06-07.mp4,2025-02-27 23:21,
VHS C,1911 Entertain Tape Wed 99 Mar 10,2025-02-27 23:26,
VHS B,1910 Entertain Tape Tues 99 Mar 09,2025-02-27 23:40,
VHS D,1912 Entertain Tape Thurs 99 Mar 11,2025-02-27 23:41,
VHS A,1909 Entertain Tape Mon 99 Mar 08.mp4,2025-02-28 09:42,
VHS C,1902 Entertain Tape Thurs 99 Mar 04-07,2025-02-28 09:47,
VHS B,1904 Entertain Tape Fri 99 Mar 05-06,2025-02-28 09:48,
VHS A,1942 Entertain Tape Fri 99 Mar 26-27.mp4,2025-02-28 15:55,
VHS C,1997 Entertain Tape Tues 99 Apr 21-28,2025-02-28 15:56,
VHS D,24 News Entertainment Tonight Wed 89 Apr 04-12,2025-02-28 16:25,
VHS A,447 News Mag Shows SUN 2001 APR 29.mp4,2025-03-01 22:30,
VHS A,1872 News Ent Tonight Tue 2001 OCT 23.mp4,2025-03-02 10:57,
VHS A,1897 Entertain Tape L King Wed 99 Mar 03.mp4,2025-03-02 18:49,
VHS D,1 Paper Chase Sat 88 Jan 9-30,2025-03-02 20:00,
VHS C,7 J Carson Thur 89 Dec 14-18,2025-03-02 22:15,
VHS B,0 News Combat Hee Haw Mon 88 Aug 08-15,2025-03-02 22:21,
VHS C,2615 Entertain Tape Tues 2000 July 25-26,2025-03-03 09:12,
VHS B,0 Dawsons Creek Wed 98 Oct 28,2025-03-03 09:17,
VHS D,62 Rosie O Donnell Thurs 99 Feb 18,2025-03-03 09:19,
VHS A,3031 Entertain Tape Tues 2001 Mar 10.mp4,2025-03-03 09:42,
VHS A,3031 Entertain Tape Tues 2001 Apr 10.mp4,2025-03-03 09:44,
VHS B,5 J Carson Tues 89 Dec 05-08,2025-03-03 14:25,
VHS D,52 J Carson Mon 88 Nov 21-24,2025-03-03 14:27,
VHS C,22 News Entertainment 2Nite Fri 89 Mar 17-24,2025-03-03 15:35,
VHS A,1921 Entertain Tape Tues 99 Mar 16.mp4,2025-03-03 16:25,
VHS B,56 J Carson Thur 90 Dec 13-18,2025-03-03 21:01,
VHS D,163 News Entertainment 2nite Tues 91 Apr 16-18,2025-03-03 21:01,
VHS C,3033 Entertain Tape Thurs 2001 Apr 12,2025-03-03 23:03,
VHS A,1144 Entertain Tape Sun 97 Oct 05.mp4,2025-03-03 23:03,
VHS A,1939 Entertain Tape Wed 99 Mar 24.mp4,2025-03-04 08:57,
VHS C,26 News Mag Shows Fri 95 Dec 08,2025-03-04 09:00,
VHS B,566 J Leno Fri 2000 July 7-21,2025-03-04 09:06,
VHS D,567 J Leno Mon 2000 July 17-20,2025-03-04 09:06,
VHS A,1180 News Ent Tonight D Lett Wed 99 Mar 03-04.mp4,2025-03-04 16:39,
VHS C,99 Natl Geographic Explorer Sun 2001 Mar 11,2025-03-04 16:40,
VHS B,3404 Ent Tape CSpan Wed 2001 Oct 04,2025-03-04 16:44,
VHS D,3007 Entertain Tape Thurs 2001 Mar 29-31,2025-03-04 16:44,
VHS A,1177 News Ent Tonight D Lett Fri 99 Feb 26-27.mp4,2025-03-04 23:07,
VHS C,3004 Entertain Tape Wed 2001 Mar 28,2025-03-04 23:12,
VHS B,3037 Entertain Tape Fri 2001 Apr 13-15,2025-03-04 23:12,
VHS A,1905 Entertain Tape Sat 99 Mar 06.mp4,2025-03-05 08:58,
VHS C,2233 Entertain Tapee Mon 99 Oct 11-12,2025-03-05 08:59,
VHS B,290 News Nightline Wed 98 Dec 16,2025-03-05 09:03,
VHS D,1178 News Ent TOnight D Lett Sun 99 Feb 28,2025-03-05 09:05,
VHS C,1923 Entertain Tape Wed 99 Mar 17,2025-03-05 16:09,
VHS A,1915 Entertain Tape Fri 99 Mar 12.mp4,2025-03-05 16:09,
VHS B,1892 Entertain Tape Sat 99 Feb 27-28,2025-03-05 16:12,
VHS D,0 120 Minutes Sun 99 Jan 31,2025-03-05 16:12,
VHS C,3048 Entertain Tape L King Fri 2001 Apr 20,2025-03-05 22:55,
VHS A,2622 Entertain Tape Fri 2000 July 28-30.mp4,2025-03-05 22:55,
VHS D,3025 Entertain Tape Fri 2001 Apr 06,2025-03-05 22:59,
VHS B,1871 News War On Terrorism Tues 2001 Oct 22,2025-03-05 22:59,
VHS C,J Leno Mon 2000 July 03-06,2025-03-06 08:41,
VHS A,3428 Entertain Tape Fri 2001 Oct 26.mp4,2025-03-06 08:41,
VHS B,565 J Leno Mon 2000 July 10-13,2025-03-06 08:43,
VHS D,568 J Leno Mon 2000 July 24-27,2025-03-06 14:56,
VHS C,3406 Entertain Tape Mon 2001 Oct 15,2025-03-06 14:57,
VHS A,1941 Entertain Tape Thurs 99 Mar 25.mp4,2025-03-06 14:57,
VHS B,1938 Entertain Tape Tues 99 Mar 23,2025-03-06 14:58,
VHS A,56 Natl Geo Explorer Sat 99 Jan 30.mp4,2025-03-06 21:17,
VHS C,901 Entertain Tape Sun 96 July 07,2025-03-06 21:23,
VHS B,2983 Entertain Tape Thurs 2001 Mar 15,2025-03-06 21:23,
VHS D,3475 Entertain Tape Thurs 2001 Nov 15,2025-03-06 21:23,
VHS C,1901 Entertain Tape Thurs 99 Mar 04-06,2025-03-07 07:03,
VHS B,2618 Entertain Tape Thurs 2000 July 27-28,2025-03-07 07:08,
VHS D,61 Rosie O Donnell Thurs 99 Feb 11,2025-03-07 07:09,
VHS A,1183 News Ent Tonight D Lett Mon 99 Mar 08-09.mp4,2025-03-07 07:20,
VHS A,752 Entertain Tape SUN 1995 DEC 3_4.mp4,2025-03-07 15:37,
VHS A,1925 Entertain Tape THU 99 MAR 12.mp4,2025-03-08 10:34,
VHS A,1924 Entertain Tape THUR 99 MAR 18.mp4,2025-03-09 12:54,
VHS A,1896 Entertain Tape TUE 99 MAR 02.mp4,2025-03-09 19:35,
VHS C,1182 News Ent Tonight D Lett Sun 99 Mar 07-08,2025-03-09 21:46,
VHS B,1184 News Ent Tonight D Lett Wed 99 Mar 10-11,2025-03-09 21:51,
VHS D,1181 News Ent Tonight D Lett Fri 99 Mar 05-06,2025-03-09 21:53,
VHS A,3065 Entertain Tape Sun 2001 Apr 29-01.mp4,2025-03-10 09:55,
VHS C,2010 Entertain Tape Sat 2001 Mar 31-01,2025-03-10 09:56,
VHS B,3063 Entertain Tape Sat 2001 Apr 28-29,2025-03-10 10:02,
VHS D,3041 Entertain Tape Mon 2001 Apr 16,2025-03-10 10:03,
VHS A,618 J Leno Fri 2001 Mar 30-06.mp4,2025-03-10 17:14,
VHS C,3003 Entertain Tape Tues 2001 Mar 27-29,2025-03-10 17:14,
VHS B,3068 Entertain Tape Mon 2001 Apr 30,2025-03-10 17:19,
VHS D,3043 Entertain Tape Tues 2001 Apr 17,2025-03-10 17:19,
VHS A,1659 News Ent Tonight D Lett Sun 2001 Apr 07-08.mp4,2025-03-10 23:27,
VHS C,3070 Entertain Tape Tues 2001 May 01,2025-03-10 23:36,
VHS D,3069 Entertain Tape Tues 2001 Mat 01,2025-03-10 23:40,
VHS B,3071 Entertain Tape Wed 2001 May 02,2025-03-10 23:40,
VHS A,3064 Entertain Tape Sat 2001 Apr 28-29.mp4,2025-03-11 08:03,
VHS B,3056 Entertain Tape Tues 2001 Apr 24-26,2025-03-11 08:13,
VHS C,1674 News Ent Tonight D Lett Fri 2001 Apr 27-28,2025-03-11 08:13,
VHS D,3011 Entertain Tape Sat 2001 Mar 31-01,2025-03-11 08:13,
VHS C,1609 News Ent Tonight D Lett Wed 2001 Jan 24-25,2025-03-11 17:12,
VHS B,2880 Entertain Tape Fri 2001 Jan 12-13,2025-03-11 17:12,
VHS D,2903 Entertain Tape Sat 2001 Jan 27-30,2025-03-11 17:12,
VHS A,53 Carson Tue 90 Oct 23.mp4,2025-03-11 18:12,
VHS A,1661 News Ent Tonight D Lett Mon 2001 Apr 09-10.mp4,2025-03-11 23:32,
VHS C,1899 Entertain Tape Thurs 99 Mar 04,2025-03-11 23:38,
VHS B,2957 Entertain Tape Wed 2001 Feb 28,2025-03-11 23:38,
VHS D,2959 Entertain Tape Thurs 2001 Mar 01,2025-03-11 23:38,
VHS A,898 Entertain Tapes Thurs 96 July 04-05.mp4,2025-03-12 09:52,
VHS C,3058 Entertain Tape Thurs 2001 Apr 26,2025-03-12 09:53,
VHS B,3052 Entertain Tape Sat 2001 Apr 21-22,2025-03-12 09:58,
VHS D,1675 News Ent Tonight D Lett Sat 2001 Apr 28-29,2025-03-12 09:59,
VHS A,717 News Ent Tonight Fri 96 Aug 09-11.mp4,2025-03-12 16:43,
VHS C,1927 Entertain Tape Fri 99 Mar 19,2025-03-12 16:48,
VHS B,2932 Entertain Tape Thurs 2001 Feb 15,2025-03-12 16:48,
VHS D,2956 Entertain Tape Tues 2001 Feb 27,2025-03-12 18:32,
VHS A,30425 Entertain Tape Mon 2001 Apr 16-17.mp4,2025-03-12 23:14,
VHS B,467 J Leno Fri 99 Feb 12,2025-03-12 23:18,
VHS C,718 News Ent Tonight Sun 96 Aug 11-12,2025-03-12 23:18,
VHS A,1670 News Ent Tonight D Lett Sat 2001 Apr 21-22.mp4,2025-03-13 07:54,
VHS C,216 Rosie O Donnell Mon 2001 Mar 19,2025-03-13 08:03,
VHS B,448 News Magazine Shows Wed 2001 May 01,2025-03-13 08:04,
VHS D,164 News Entertainment Tonight Sat 91 Apr 20-22,2025-03-13 08:06,
VHS A,2981 Entertain Tape Wed 2001 Mar 14.mp4,2025-03-13 17:10,
VHS B,3026 Entertain Tape Fri 2001 Apr 06-07,2025-03-13 17:20,
VHS C,1672 News Ent Tonight D Lett Mon 2001 Apr 23-25,2025-03-13 17:20,
VHS D,3050 Entertain Tape Sat 2001 Apr 21-22,2025-03-13 17:21,
VHS A,1678 News Ent Tonight D Lett Thurs 2001 May 03-04.mp4,2025-03-13 23:34,
VHS C,2982 Entertain Tape Wed 2001 Mar 14-18,2025-03-13 23:42,
VHS D,2980 Entertain Tape Tues 2001 Mar 13,2025-03-13 23:43,
VHS B,2955 Entertain Tape Tues 2001 Feb 27,2025-03-13 23:44,
VHS A,3019 Entertain Tape FRI 2001 APR 06_08.mp4,2025-03-14 07:51,
VHS B,220 Rosie O Donnell Mon 2001 Apr 16,2025-03-14 10:01,
VHS C,1673 News Ent Tonight D Lett Wed 2001 Apr 25-26,2025-03-14 10:01,
VHS D,1676 News Ent Tonight D Lett Sun 2001 Apr 29-30,2025-03-14 10:01,
VHS A,0 Iraq War 1-20-91.mp4,2025-03-14 14:30,
VHS A,55 News Entertainment Tonight Fri 89 Oct 27-01.mp4,2025-03-14 14:33,
VHS C,0 Saturday Night Live Sat 2001 Aug 11-18,2025-03-14 17:00,
VHS B,3451 Entertain Tape Mon 2001 Nov 05,2025-03-14 17:00,
VHS D,1920 News War On Terrorism Wed 2001 Nov 14,2025-03-14 17:00,
VHS B,3456 Entertain Tape L king Wed 2001 Nov 07,2025-03-14 23:44,
VHS C,1887 News CSPAN Mon 2001 Oct 29,2025-03-14 23:46,
VHS A,3066 Entertain Tape Sun 2001 Apr 29-01.mp4,2025-03-14 23:47,
VHS A,1894 Entertain Tape Sun 99 Feb 28.mp4,2025-03-15 10:21,
VHS C,3072 Entertain Tape Wed 2001 May 02-04,2025-03-15 10:30,
VHS B,3456 Entertain Tape LKing Wed 2001 Nov 07,2025-03-15 10:32,
VHS D,3017 Entertain Tape Wed 2001 Apr 04,2025-03-15 10:35,
VHS A,2960 Entertain Tape Fri 2001 Mar 02.mp4,2025-03-15 17:26,
VHS C,1893 Entertain Tape Sun 99 Feb 28,2025-03-15 17:32,
VHS B,621 J Leno Fri 2001 Apr 13-20,2025-03-15 17:33,
VHS D,2975 Entertain Tape Sat 2001 Mar 10-14,2025-03-15 17:33,
VHS A,3015 Entertain Tape L King Tues 2001 Apr 03.mp4,2025-03-16 01:16,
VHS C,2961 Entertain Tape Sat 2001 Mar 03-04,2025-03-16 01:23,
VHS B,2931 Entertain Tape Wed 2001 Feb 14,2025-03-16 01:23,
VHS D,2930 Entertain Tape Tues 2001 Feb 13,2025-03-16 01:23,
VHS A,1898 Entertain Tape Wed 99 Mar 03.mp4,2025-03-16 10:44,
VHS C,3016 Entertain Tape Tues 2001 Apr 03-05,2025-03-16 10:53,
VHS D,3054 Entertain Tape Mon 2001 Apr 23-24,2025-03-16 10:54,
VHS B,3067 Entertain Tape Mon 2001 Apr 30,2025-03-16 10:54,
VHS B,2864 Entertain Tape OSU Football Mon 2001 Jan 01,2025-03-16 17:17,
VHS D,1639 News Ent Tonight D Lett Sat 2001 Mar 10-11,2025-03-16 17:17,
VHS C,1927 News Ent Tonight D Lett Sat 2001 Nov 17,2025-03-16 17:17,
VHS A,2971 Entertain Tape Fri 2001 Mar 09.mp4,2025-03-16 17:22,
VHS A,1677 News Ent Tonight D Lett Tues 2001 May 01-02.mp4,2025-03-16 23:36,
VHS C,2972 Entertain Tape Sat 2001 Mar 10-11,2025-03-16 23:43,
VHS D,3018 Entertain Tape Thurs 2001 Apr 05,2025-03-16 23:43,
VHS B,2970 Entertain Tape Thurs 2001 Mar 08,2025-03-16 23:43,
VHS A,1878 News Ent Tonight D Lett Fri 2001 Oct 26.mp4,2025-03-17 09:43,
VHS B,3036 Entertain Tape Fri 2001 Apr 13,2025-03-17 09:50,
VHS C,1663 News Ent Tonight D Lett Wed 2001 Apr 11-12,2025-03-17 09:50,
VHS D,1662 News Ent Tonight D Lett Tues 2001 Apr 10-11,2025-03-17 11:15,
VHS A,208 Rosie O Donnell Fri 2001 Feb 02.mp4,2025-03-17 16:42,
VHS C,2866 Entertain Tape Wed 2001 Jan 04-06,2025-03-17 16:44,
VHS B,2882 Entertain Tape Fri 2001 Jan 12-15,2025-03-17 16:44,
VHS D,2978 Entertain Tape Mon 2001 Mar 12,2025-03-17 19:17,
VHS A,1660 News Ent Tonight D Lett Sun 2001 Apr 08.mp4,2025-03-17 23:16,
VHS C,2976 Entertain Tape Sun 2001 Mar 11-18,2025-03-17 23:20,
VHS B,2977 Entertain Tape Mon 2001 Mar 12,2025-03-17 23:20,
VHS A,2883 Entertain Tape Sat 2001 Jan 13-14.mp4,2025-03-18 08:04,
VHS B,619 J Leno Mon 2001 Apr 02-05,2025-03-18 08:14,
VHS C,444 News Magazine Shows Thurs 2001 Apr 19,2025-03-18 08:14,
VHS D,88 J Carson Tues 91 Apr 30-03,2025-03-18 08:15,
VHS A,1640 News Ent Tonight D Lett Sun 2001 Mar 11.mp4,2025-03-18 16:19,
VHS C,422 News Magazine Shows Fri 